,Unnamed: 0,school,sex,age,address,famsize,Pstatus,Medu,Fedu,Mjob,Fjob,reason,guardian,traveltime,studytime,failures,schoolsup,famsup,paid,activities,nursery,higher,internet,romantic,famrel,freetime,goout,Dalc,Walc,health,absences,G1,G2,G3
0,0,GP,F,18,U,GT3,A,4.0,4.0,at_home,teacher,course,mother,2.0,2.0,0.0,1,0.0,0,0,1,1,0.0,0.0,4.0,3.0,4.0,1.0,1.0,3.0,4,0,11,11
1,1,GP,F,17,U,GT3,T,1.0,1.0,at_home,other,course,father,1.0,2.0,0.0,0,1.0,0,0,0,1,1.0,0.0,5.0,3.0,3.0,1.0,NaN,3.0,2,9,11,11
2,2,GP,F,15,U,LE3,T,1.0,1.0,at_home,other,other,mother,1.0,2.0,0.0,1,0.0,0,0,1,1,1.0,0.0,4.0,3.0,2.0,2.0,3.0,3.0,6,12,13,12
3,3,GP,F,15,U,GT3,T,4.0,2.0,health,services,home,mother,1.0,3.0,0.0,0,1.0,0,1,1,1,1.0,1.0,3.0,2.0,2.0,1.0,1.0,5.0,0,14,14,14
4,4,GP,F,16,U,GT3,T,3.0,NaN,other,other,home,father,1.0,2.0,0.0,0,1.0,0,0,1,1,0.0,NaN,4.0,3.0,2.0,1.0,2.0,5.0,0,11,13,13
5,5,GP,M,16,U,NaN,T,4.0,3.0,services,other,reputation,mother,1.0,2.0,0.0,0,1.0,0,1,1,1,1.0,0.0,5.0,4.0,2.0,1.0,NaN,5.0,6,12,12,13
6,6,GP,M,16,U,LE3,T,2.0,2.0,other,other,home,mother,1.0,2.0,0.0,0,0.0,0,0,1,1,1.0,0.0,NaN,4.0,4.0,1.0,1.0,3.0,0,13,12,13
7,7,GP,F,17,U,GT3,A,4.0,4.0,other,teacher,home,mother,2.0,2.0,0.0,1,1.0,0,0,1,1,0.0,0.0,4.0,1.0,4.0,1.0,1.0,1.0,2,10,13,13
8,8,GP,M,15,U,LE3,A,NaN,2.0,services,other,home,mother,1.0,2.0,0.0,0,1.0,0,0,1,1,1.0,0.0,4.0,2.0,2.0,1.0,1.0,1.0,0,15,16,17
9,9,GP,M,15,U,GT3,T,3.0,4.0,other,other,home,mother,1.0,2.0,0.0,0,1.0,0,1,1,1,1.0,0.0,5.0,5.0,1.0,1.0,1.0,5.0,0,12,12,13
10,10,GP,F,15,U,GT3,T,4.0,4.0,teacher,health,reputation,mother,1.0,2.0,0.0,0,1.0,0,0,1,1,1.0,0.0,3.0,3.0,3.0,1.0,2.0,2.0,2,14,14,14
11,11,GP,F,15,U,GT3,T,2.0,1.0,services,other,reputation,father,3.0,3.0,0.0,0,1.0,0,1,1,1,1.0,0.0,5.0,2.0,2.0,1.0,1.0,4.0,0,10,12,13
12,12,GP,M,15,U,LE3,T,4.0,4.0,health,services,course,father,1.0,1.0,0.0,0,1.0,0,1,1,1,1.0,0.0,4.0,3.0,3.0,1.0,3.0,5.0,0,12,13,12
13,13,GP,M,15,U,GT3,T,4.0,3.0,teacher,other,course,mother,2.0,2.0,0.0,0,1.0,0,0,1,1,1.0,0.0,5.0,4.0,3.0,1.0,2.0,3.0,0,12,12,13
14,14,GP,M,15,U,GT3,NaN,2.0,2.0,other,other,home,other,1.0,3.0,0.0,0,1.0,0,0,1,1,1.0,1.0,4.0,5.0,2.0,1.0,1.0,3.0,0,14,14,15
15,15,GP,F,16,U,GT3,T,4.0,4.0,health,other,home,mother,1.0,1.0,0.0,0,1.0,0,0,1,1,1.0,0.0,4.0,4.0,4.0,1.0,2.0,2.0,6,17,17,17
16,16,GP,F,16,U,GT3,T,4.0,4.0,services,services,reputation,mother,1.0,3.0,0.0,0,1.0,0,1,1,1,1.0,0.0,3.0,2.0,3.0,1.0,2.0,2.0,10,13,13,14
17,17,GP,F,16,U,GT3,T,3.0,3.0,other,other,reputation,mother,3.0,2.0,0.0,1,1.0,0,1,1,1,0.0,0.0,5.0,3.0,2.0,1.0,1.0,4.0,2,13,14,14
18,18,GP,M,17,U,GT3,T,3.0,2.0,services,services,course,mother,1.0,1.0,3.0,0,1.0,1,1,1,1,1.0,0.0,5.0,5.0,5.0,2.0,4.0,5.0,2,8,8,7
19,19,GP,M,16,U,LE3,T,4.0,3.0,NaN,other,home,father,1.0,1.0,0.0,0,0.0,0,1,1,1,1.0,0.0,3.0,1.0,3.0,1.0,3.0,5.0,6,12,12,12
20,20,GP,M,15,U,GT3,T,4.0,3.0,teacher,other,NaN,mother,1.0,2.0,0.0,0,0.0,0,0,1,1,1.0,0.0,4.0,4.0,NaN,1.0,1.0,1.0,0,12,13,14
21,21,GP,M,15,U,GT3,T,4.0,4.0,health,health,other,father,1.0,1.0,0.0,0,1.0,1,0,1,1,1.0,0.0,NaN,4.0,2.0,1.0,1.0,5.0,0,11,12,12
22,22,GP,M,16,U,LE3,T,4.0,2.0,teacher,other,course,mother,1.0,2.0,0.0,0,0.0,0,1,1,1,1.0,0.0,4.0,5.0,1.0,1.0,3.0,5.0,0,12,13,14
23,23,GP,M,16,U,LE3,T,2.0,2.0,other,other,reputation,mother,2.0,2.0,0.0,0,1.0,0,1,1,1,1.0,0.0,5.0,4.0,4.0,2.0,4.0,5.0,2,10,10,10
24,24,GP,F,15,R,GT3,T,2.0,4.0,services,health,course,mother,1.0,3.0,0.0,1,1.0,0,1,1,1,1.0,0.0,4.0,3.0,2.0,1.0,1.0,5.0,2,10,11,10
25,25,GP,F,16,U,GT3,T,NaN,2.0,services,NaN,home,mother,1.0,1.0,0.0,0,1.0,0,0,0,1,1.0,0.0,1.0,2.0,2.0,1.0,3.0,5.0,6,10,11,12
26,26,GP,M,15,U,GT3,T,2.0,2.0,other,other,home,mother,1.0,1.0,0.0,0,1.0,0,0,1,1,1.0,0.0,NaN,2.0,2.0,1.0,2.0,5.0,8,11,12,12
27,27,GP,M,15,U,GT3,T,4.0,2.0,health,services,other,mother,1.0,1.0,0.0,0,0.0,0,0,1,1,1.0,0.0,2.0,2.0,4.0,2.0,4.0,1.0,0,11,11,11
28,28,GP,M,16,U,LE3,A,3.0,4.0,services,NaN,home,mother,1.0,2.0,0.0,1,1.0,1,1,1,1,1.0,0.0,5.0,3.0,3.0,1.0,1.0,5.0,2,12,12,13
29,29,GP,M,16,U,GT3,T,4.0,4.0,teacher,teacher,home,mother,1.0,2.0,0.0,0,1.0,1,1,1,1,1.0,1.0,4.0,4.0,NaN,5.0,5.0,5.0,4,12,11,12
30,30,GP,M,15,U,GT3,T,4.0,4.0,health,services,home,mother,1.0,2.0,0.0,0,1.0,1,0,0,1,1.0,0.0,5.0,4.0,2.0,3.0,4.0,5.0,0,10,11,11
31,31,GP,M,15,U,GT3,T,4.0,4.0,services,services,reputation,mother,2.0,2.0,0.0,0,1.0,0,1,1,1,1.0,0.0,4.0,3.0,1.0,1.0,1.0,5.0,2,15,15,15
32,32,GP,M,15,R,GT3,T,4.0,3.0,teacher,at_home,course,mother,1.0,2.0,0.0,0,1.0,0,1,1,1,1.0,1.0,4.0,5.0,2.0,1.0,1.0,5.0,0,13,14,15
33,33,GP,M,15,U,LE3,T,3.0,3.0,other,other,course,mother,NaN,2.0,0.0,0,0.0,0,1,0,1,1.0,0.0,5.0,3.0,2.0,1.0,1.0,2.0,0,13,12,12
34,34,GP,M,16,U,GT3,T,3.0,2.0,other,other,home,mother,1.0,1.0,0.0,0,1.0,0,0,0,1,1.0,0.0,5.0,4.0,3.0,1.0,1.0,5.0,4,12,12,12
35,35,GP,F,15,U,GT3,NaN,2.0,3.0,other,other,other,father,2.0,1.0,0.0,0,1.0,0,1,1,1,0.0,0.0,3.0,5.0,1.0,1.0,1.0,5.0,4,11,11,11
36,36,GP,M,15,U,LE3,T,4.0,3.0,teacher,services,home,mother,1.0,3.0,0.0,0,1.0,0,1,1,1,1.0,0.0,5.0,4.0,3.0,1.0,1.0,4.0,0,14,14,14
37,37,GP,M,16,R,GT3,A,4.0,4.0,other,teacher,reputation,mother,2.0,3.0,0.0,0,1.0,0,1,1,1,1.0,1.0,2.0,4.0,3.0,1.0,1.0,5.0,4,13,13,13
38,38,GP,F,15,R,GT3,T,3.0,4.0,services,health,course,mother,1.0,3.0,0.0,1,1.0,0,1,1,1,1.0,0.0,4.0,3.0,2.0,1.0,NaN,5.0,2,11,12,12
39,39,GP,F,15,R,GT3,T,2.0,2.0,at_home,other,reputation,mother,1.0,1.0,0.0,1,1.0,0,1,1,1,0.0,0.0,4.0,3.0,1.0,1.0,1.0,2.0,8,14,13,12
40,40,GP,F,16,U,LE3,T,2.0,2.0,other,other,home,mother,2.0,2.0,0.0,0,1.0,0,1,0,1,1.0,1.0,3.0,3.0,3.0,NaN,2.0,3.0,16,11,11,10
41,41,GP,M,15,U,LE3,T,4.0,4.0,teacher,other,home,other,1.0,1.0,0.0,0,1.0,0,0,0,1,1.0,1.0,5.0,4.0,3.0,2.0,4.0,5.0,8,10,11,11
42,42,GP,M,15,U,GT3,T,4.0,4.0,services,teacher,course,father,1.0,2.0,0.0,0,1.0,0,1,1,1,1.0,0.0,NaN,3.0,3.0,1.0,1.0,5.0,0,14,15,15
43,43,GP,M,15,U,GT3,T,2.0,2.0,services,services,course,father,1.0,1.0,0.0,1,1.0,0,0,1,1,1.0,0.0,5.0,4.0,1.0,1.0,1.0,NaN,0,9,10,10
44,44,GP,F,16,U,LE3,T,2.0,2.0,other,at_home,course,father,2.0,2.0,1.0,1,NaN,0,1,1,1,1.0,0.0,4.0,3.0,3.0,2.0,2.0,5.0,14,10,11,11
45,45,GP,F,15,U,LE3,A,4.0,3.0,other,other,course,mother,1.0,2.0,0.0,1,1.0,1,1,1,1,1.0,1.0,5.0,2.0,2.0,1.0,1.0,5.0,4,10,11,11
46,46,GP,F,16,U,LE3,A,3.0,3.0,other,services,home,mother,1.0,2.0,0.0,0,1.0,0,0,1,1,1.0,0.0,2.0,3.0,5.0,1.0,4.0,3.0,6,13,12,13
47,47,GP,M,16,U,GT3,T,4.0,3.0,health,services,reputation,NaN,1.0,4.0,0.0,0,0.0,0,1,1,1,1.0,0.0,4.0,2.0,2.0,1.0,1.0,NaN,2,17,17,17
48,48,GP,M,15,U,GT3,T,4.0,2.0,teacher,other,home,mother,1.0,2.0,0.0,0,1.0,0,0,1,1,0.0,0.0,4.0,3.0,3.0,2.0,2.0,5.0,4,11,12,13
49,49,GP,F,15,U,GT3,T,4.0,4.0,services,teacher,other,father,1.0,2.0,0.0,1,1.0,0,1,0,1,1.0,0.0,4.0,4.0,4.0,1.0,1.0,3.0,2,13,12,12
50,50,GP,F,16,U,LE3,T,2.0,2.0,services,services,course,mother,3.0,2.0,0.0,0,1.0,0,0,1,1,1.0,0.0,4.0,3.0,NaN,2.0,3.0,4.0,0,14,13,13
51,51,GP,F,15,U,LE3,T,4.0,2.0,health,other,other,mother,1.0,2.0,0.0,0,1.0,0,0,1,1,1.0,0.0,4.0,3.0,3.0,1.0,1.0,5.0,0,16,14,16
52,52,GP,M,15,U,LE3,A,4.0,2.0,health,health,other,father,2.0,1.0,0.0,0,0.0,0,0,1,1,0.0,0.0,5.0,5.0,5.0,3.0,4.0,5.0,4,10,9,9
53,53,GP,F,15,U,GT3,T,4.0,4.0,services,services,course,mother,1.0,1.0,0.0,1,1.0,0,0,1,1,1.0,0.0,3.0,3.0,4.0,2.0,3.0,5.0,0,13,12,12
54,54,GP,F,15,U,LE3,A,3.0,3.0,other,other,other,mother,1.0,1.0,0.0,0,0.0,0,0,1,1,1.0,0.0,5.0,3.0,4.0,4.0,4.0,1.0,0,13,12,13
55,55,GP,F,16,U,GT3,A,2.0,1.0,other,other,other,mother,1.0,2.0,0.0,0,0.0,0,1,1,1,1.0,NaN,5.0,3.0,4.0,1.0,1.0,2.0,2,12,13,12
56,56,GP,F,15,U,GT3,A,4.0,3.0,services,services,reputation,mother,1.0,2.0,0.0,0,1.0,0,1,1,1,1.0,0.0,4.0,3.0,2.0,1.0,1.0,1.0,0,15,14,15
57,57,GP,M,15,U,GT3,T,4.0,4.0,teacher,health,reputation,mother,1.0,2.0,NaN,0,1.0,0,1,1,1,0.0,0.0,3.0,2.0,2.0,1.0,1.0,5.0,8,15,15,16
58,58,GP,M,15,U,LE3,T,1.0,2.0,other,at_home,home,father,1.0,2.0,0.0,1,1.0,0,1,1,1,1.0,0.0,4.0,3.0,2.0,1.0,1.0,5.0,0,14,13,14
59,59,GP,F,16,U,GT3,T,4.0,2.0,services,other,course,mother,1.0,2.0,0.0,0,1.0,1,0,1,1,1.0,0.0,4.0,2.0,3.0,1.0,1.0,5.0,2,16,15,16
60,60,GP,F,16,R,GT3,T,4.0,4.0,health,teacher,other,mother,1.0,2.0,0.0,0,1.0,0,1,1,1,0.0,0.0,NaN,4.0,4.0,2.0,3.0,4.0,0,17,16,16
61,61,GP,F,16,U,GT3,T,1.0,1.0,services,services,course,father,4.0,1.0,0.0,1,1.0,0,1,0,1,1.0,1.0,5.0,5.0,5.0,5.0,5.0,5.0,0,10,10,16
62,62,GP,F,16,U,LE3,T,1.0,2.0,other,services,reputation,father,1.0,2.0,0.0,1,0.0,0,1,1,1,1.0,0.0,4.0,4.0,3.0,1.0,1.0,1.0,0,13,13,10
63,63,GP,F,16,U,GT3,T,4.0,3.0,NaN,health,home,mother,1.0,3.0,0.0,1,1.0,0,1,1,1,1.0,0.0,3.0,4.0,4.0,2.0,4.0,4.0,0,14,13,13
64,64,GP,F,15,U,LE3,T,4.0,3.0,services,services,reputation,father,1.0,2.0,0.0,1,0.0,0,1,1,1,1.0,1.0,4.0,4.0,4.0,2.0,4.0,2.0,0,13,12,12
65,65,GP,F,16,U,LE3,T,4.0,3.0,teacher,services,course,mother,3.0,2.0,0.0,0,1.0,0,1,1,1,1.0,0.0,5.0,4.0,3.0,1.0,2.0,1.0,2,16,15,16
66,66,GP,M,15,U,GT3,A,4.0,4.0,other,services,reputation,mother,1.0,4.0,0.0,0,1.0,0,1,0,1,1.0,1.0,1.0,NaN,3.0,5.0,5.0,3.0,0,11,12,12
67,67,GP,F,16,U,GT3,T,3.0,1.0,services,other,course,mother,1.0,4.0,0.0,1,1.0,0,0,1,1,1.0,0.0,4.0,3.0,3.0,1.0,2.0,5.0,0,10,9,10
68,68,GP,F,15,R,LE3,NaN,2.0,2.0,health,services,reputation,mother,2.0,2.0,0.0,1,1.0,0,0,1,1,1.0,0.0,4.0,1.0,3.0,1.0,3.0,4.0,0,11,10,11
69,69,GP,F,15,R,LE3,T,3.0,1.0,other,other,reputation,father,2.0,4.0,0.0,0,1.0,0,0,0,1,1.0,0.0,4.0,4.0,2.0,2.0,3.0,3.0,6,15,15,15
70,70,GP,M,16,U,GT3,T,3.0,1.0,other,other,reputation,father,2.0,4.0,0.0,0,1.0,0,0,1,1,1.0,0.0,4.0,3.0,2.0,1.0,1.0,5.0,2,13,11,11
71,71,GP,M,15,U,GT3,T,4.0,2.0,other,other,course,mother,1.0,4.0,0.0,0,0.0,0,0,1,1,1.0,0.0,3.0,3.0,3.0,1.0,1.0,3.0,0,11,9,10
72,72,GP,F,15,R,GT3,T,1.0,1.0,other,other,reputation,mother,1.0,2.0,0.0,1,1.0,0,0,0,1,1.0,1.0,3.0,3.0,4.0,2.0,4.0,5.0,2,13,11,11
73,73,GP,M,16,U,GT3,T,3.0,1.0,other,other,reputation,mother,1.0,1.0,0.0,0,0.0,0,1,1,1,0.0,0.0,5.0,3.0,2.0,2.0,2.0,5.0,0,13,13,14
74,74,GP,F,16,U,GT3,T,3.0,3.0,other,services,home,mother,1.0,2.0,0.0,1,1.0,0,1,1,1,1.0,0.0,4.0,3.0,3.0,2.0,4.0,5.0,4,11,11,11
75,75,GP,M,15,U,GT3,T,4.0,3.0,teacher,other,home,mother,1.0,2.0,0.0,0,1.0,0,1,1,1,1.0,0.0,4.0,3.0,3.0,2.0,3.0,5.0,0,11,11,11
76,76,GP,M,15,U,GT3,T,4.0,0.0,teacher,other,course,mother,2.0,4.0,0.0,0,0.0,0,1,1,1,1.0,0.0,3.0,4.0,3.0,1.0,1.0,1.0,0,12,11,11
77,77,GP,F,16,U,GT3,T,2.0,2.0,other,other,reputation,mother,1.0,4.0,0.0,0,0.0,0,0,1,1,1.0,1.0,5.0,2.0,3.0,1.0,3.0,3.0,1,13,13,13
78,78,GP,M,17,U,GT3,T,2.0,1.0,other,other,home,mother,2.0,1.0,3.0,1,1.0,0,1,1,0,1.0,0.0,4.0,5.0,1.0,1.0,1.0,3.0,0,9,9,10
79,79,GP,F,16,U,GT3,T,3.0,4.0,at_home,NaN,course,mother,1.0,2.0,0.0,0,1.0,0,0,1,1,1.0,0.0,2.0,4.0,3.0,1.0,2.0,3.0,14,12,11,11
80,80,GP,M,15,U,GT3,T,2.0,3.0,other,services,course,NaN,1.0,1.0,0.0,1,1.0,0,1,0,1,1.0,1.0,3.0,2.0,2.0,1.0,3.0,3.0,0,11,11,12
81,81,GP,M,15,U,GT3,T,2.0,3.0,other,other,home,mother,1.0,3.0,0.0,1,0.0,0,0,0,1,1.0,0.0,5.0,3.0,NaN,1.0,2.0,5.0,2,10,9,9
82,82,GP,F,15,U,LE3,T,3.0,2.0,services,other,reputation,mother,1.0,2.0,0.0,0,1.0,0,0,1,1,1.0,0.0,4.0,4.0,4.0,1.0,1.0,5.0,4,12,11,11
83,83,GP,M,15,U,LE3,T,2.0,2.0,services,services,home,mother,2.0,2.0,0.0,0,0.0,1,1,1,1,1.0,0.0,5.0,3.0,3.0,1.0,3.0,4.0,2,13,12,13
84,84,GP,F,15,U,GT3,T,1.0,1.0,other,other,home,father,1.0,2.0,0.0,0,1.0,0,1,0,1,1.0,0.0,4.0,3.0,2.0,2.0,3.0,4.0,2,13,12,12
85,85,GP,F,15,U,GT3,T,4.0,4.0,services,services,reputation,father,2.0,2.0,0.0,0,0.0,0,0,1,1,1.0,1.0,4.0,4.0,4.0,2.0,3.0,5.0,4,12,11,12
86,86,GP,F,16,U,LE3,T,2.0,2.0,at_home,other,course,mother,1.0,2.0,0.0,0,1.0,0,0,1,1,0.0,0.0,4.0,3.0,4.0,1.0,2.0,2.0,6,13,11,11
87,87,GP,F,15,U,NaN,T,4.0,2.0,other,other,reputation,mother,1.0,3.0,0.0,0,1.0,0,1,1,1,1.0,0.0,5.0,3.0,3.0,1.0,3.0,1.0,4,15,15,15
88,88,GP,M,16,U,GT3,T,2.0,2.0,services,other,reputation,father,2.0,2.0,0.0,0,0.0,0,1,0,1,1.0,0.0,NaN,4.0,2.0,1.0,1.0,3.0,6,12,10,11
89,89,GP,M,16,U,LE3,A,NaN,4.0,teacher,health,NaN,mother,1.0,2.0,0.0,0,1.0,0,0,1,1,0.0,0.0,4.0,1.0,3.0,3.0,5.0,5.0,6,9,9,10
90,90,GP,F,16,U,GT3,T,NaN,3.0,other,other,home,mother,1.0,3.0,0.0,0,1.0,0,0,1,1,1.0,1.0,4.0,3.0,3.0,1.0,3.0,4.0,2,9,11,11
91,91,GP,F,15,U,GT3,T,4.0,3.0,services,other,reputation,mother,1.0,1.0,0.0,0,0.0,0,1,1,1,1.0,0.0,4.0,5.0,5.0,1.0,3.0,1.0,6,14,13,13
92,92,GP,F,16,U,LE3,T,3.0,1.0,other,other,home,father,1.0,2.0,0.0,1,1.0,0,0,1,1,0.0,0.0,3.0,3.0,3.0,2.0,3.0,2.0,0,12,13,12
93,93,GP,F,16,U,GT3,T,4.0,2.0,teacher,services,home,mother,2.0,2.0,0.0,0,1.0,0,1,1,1,1.0,0.0,5.0,3.0,3.0,1.0,1.0,1.0,2,13,14,14
94,94,GP,M,15,U,LE3,T,2.0,NaN,services,health,reputation,mother,1.0,4.0,0.0,0,1.0,0,1,1,1,1.0,0.0,NaN,3.0,4.0,1.0,1.0,4.0,2,11,12,12
95,95,GP,F,15,R,GT3,T,1.0,1.0,at_home,other,home,mother,2.0,4.0,0.0,1,1.0,1,1,1,1,1.0,0.0,3.0,1.0,2.0,1.0,1.0,1.0,4,13,13,13
96,96,GP,M,16,R,GT3,T,4.0,3.0,services,other,reputation,mother,2.0,1.0,0.0,1,1.0,1,1,0,1,1.0,0.0,3.0,3.0,3.0,1.0,1.0,4.0,6,9,11,11
97,97,GP,F,16,U,GT3,T,2.0,1.0,other,other,course,mother,1.0,2.0,0.0,0,1.0,0,0,1,1,0.0,1.0,4.0,3.0,5.0,1.0,1.0,5.0,0,13,12,12
98,98,GP,F,16,U,GT3,T,4.0,4.0,other,other,reputation,mother,1.0,1.0,0.0,0,0.0,0,1,0,1,1.0,0.0,5.0,3.0,4.0,1.0,2.0,1.0,4,12,13,13
99,99,GP,F,16,U,GT3,T,4.0,3.0,other,at_home,course,mother,1.0,3.0,0.0,1,1.0,0,0,1,1,1.0,0.0,5.0,3.0,5.0,1.0,1.0,3.0,2,12,13,13
100,100,GP,M,16,U,GT3,T,4.0,4.0,services,services,other,mother,1.0,1.0,0.0,1,1.0,0,1,1,1,1.0,0.0,4.0,5.0,5.0,5.0,NaN,4.0,12,9,9,8
101,101,GP,M,16,U,GT3,NaN,NaN,4.0,services,teacher,other,father,1.0,3.0,0.0,0,1.0,0,1,1,1,1.0,1.0,4.0,4.0,3.0,1.0,1.0,4.0,0,16,16,16
102,102,GP,M,15,U,GT3,T,4.0,4.0,services,other,course,mother,1.0,1.0,0.0,0,1.0,1,1,0,1,1.0,0.0,5.0,3.0,3.0,1.0,1.0,5.0,2,12,13,12
103,103,GP,F,15,U,NaN,T,3.0,2.0,services,other,home,mother,2.0,2.0,NaN,1,1.0,0,0,1,1,1.0,0.0,4.0,3.0,5.0,1.0,1.0,2.0,16,11,10,10
104,104,GP,M,15,U,GT3,A,3.0,4.0,services,other,course,mother,1.0,2.0,0.0,0,1.0,0,1,1,1,1.0,0.0,5.0,4.0,4.0,1.0,NaN,1.0,0,16,16,16
105,105,GP,F,15,U,GT3,A,3.0,3.0,other,health,reputation,father,1.0,4.0,0.0,1,0.0,0,0,1,1,0.0,0.0,4.0,3.0,3.0,NaN,1.0,4.0,10,10,10,10
106,106,GP,F,15,U,GT3,T,2.0,2.0,other,other,course,mother,1.0,4.0,0.0,1,1.0,0,0,1,1,1.0,0.0,5.0,1.0,2.0,1.0,1.0,3.0,4,10,10,10
107,107,GP,M,16,U,GT3,T,3.0,3.0,services,other,home,father,1.0,3.0,0.0,0,1.0,0,1,1,1,1.0,0.0,5.0,3.0,3.0,1.0,1.0,5.0,4,13,14,14
108,108,GP,M,15,R,GT3,T,4.0,4.0,other,other,home,father,4.0,4.0,0.0,0,1.0,0,1,1,1,1.0,1.0,1.0,3.0,5.0,3.0,5.0,1.0,8,12,10,11
109,109,GP,F,16,U,LE3,NaN,4.0,4.0,NaN,health,other,mother,1.0,3.0,0.0,0,1.0,0,1,1,1,1.0,1.0,5.0,4.0,5.0,1.0,1.0,4.0,2,15,15,14
110,110,GP,M,15,U,LE3,A,4.0,4.0,teacher,teacher,course,mother,1.0,1.0,0.0,0,0.0,0,1,1,1,1.0,0.0,5.0,5.0,3.0,1.0,1.0,4.0,4,13,14,14
111,111,GP,F,16,R,GT3,T,3.0,3.0,services,other,reputation,father,1.0,3.0,0.0,1,1.0,0,1,1,1,1.0,0.0,4.0,1.0,2.0,1.0,1.0,2.0,4,11,11,11
112,112,GP,F,16,U,GT3,T,2.0,2.0,NaN,other,home,mother,1.0,2.0,1.0,1,0.0,0,1,1,1,1.0,0.0,3.0,1.0,2.0,1.0,1.0,5.0,12,8,10,10
113,113,GP,M,15,U,LE3,T,4.0,2.0,NaN,other,course,mother,1.0,1.0,0.0,0,0.0,0,0,1,1,1.0,0.0,NaN,5.0,2.0,1.0,1.0,3.0,10,18,17,18
114,114,GP,M,15,R,GT3,T,2.0,1.0,health,services,reputation,mother,1.0,2.0,0.0,0,0.0,0,1,1,1,1.0,1.0,5.0,4.0,2.0,1.0,NaN,5.0,4,10,9,10
115,115,GP,M,16,U,GT3,T,4.0,4.0,teacher,teacher,course,father,1.0,2.0,0.0,0,1.0,0,1,1,1,1.0,0.0,5.0,4.0,4.0,1.0,2.0,5.0,6,16,14,14
116,116,GP,M,15,U,GT3,T,4.0,4.0,other,teacher,reputation,father,2.0,2.0,0.0,0,1.0,0,1,1,1,0.0,0.0,4.0,4.0,3.0,1.0,1.0,2.0,4,16,15,16
117,117,GP,M,16,U,GT3,T,3.0,3.0,other,services,home,father,2.0,1.0,0.0,0,0.0,0,1,1,1,1.0,0.0,5.0,4.0,2.0,1.0,1.0,5.0,6,14,14,15
118,118,GP,M,17,R,GT3,T,1.0,3.0,other,other,course,father,3.0,2.0,1.0,0,1.0,0,1,1,1,1.0,0.0,5.0,2.0,4.0,1.0,4.0,5.0,14,12,11,11
119,119,GP,M,15,U,GT3,T,3.0,4.0,other,other,reputation,father,1.0,1.0,0.0,0,0.0,0,0,1,1,1.0,0.0,3.0,4.0,3.0,1.0,2.0,4.0,2,14,13,14
120,120,GP,F,15,U,GT3,T,1.0,2.0,at_home,services,course,mother,1.0,2.0,0.0,0,0.0,0,0,0,1,1.0,0.0,3.0,2.0,3.0,1.0,2.0,1.0,0,14,14,14
121,121,GP,M,15,U,GT3,T,2.0,2.0,services,services,home,father,1.0,4.0,0.0,0,1.0,0,1,1,1,1.0,0.0,5.0,5.0,4.0,1.0,2.0,5.0,6,14,13,13
122,122,GP,F,16,U,LE3,T,2.0,4.0,other,health,course,father,2.0,2.0,0.0,0,1.0,0,1,1,1,1.0,1.0,4.0,2.0,2.0,1.0,2.0,5.0,2,14,12,13
123,123,GP,M,16,U,GT3,T,4.0,4.0,health,other,course,mother,NaN,1.0,0.0,0,1.0,0,1,1,1,1.0,NaN,3.0,4.0,4.0,1.0,4.0,5.0,4,12,13,13
124,124,GP,F,16,U,GT3,T,2.0,2.0,other,other,home,mother,1.0,2.0,0.0,0,0.0,0,0,1,1,1.0,1.0,5.0,4.0,4.0,1.0,1.0,5.0,0,12,11,11
125,125,GP,M,15,U,GT3,T,3.0,4.0,services,services,home,father,1.0,1.0,0.0,1,0.0,0,0,1,1,1.0,0.0,5.0,5.0,5.0,3.0,2.0,5.0,2,9,9,9
126,126,GP,F,15,U,LE3,A,3.0,4.0,other,other,home,mother,1.0,2.0,0.0,1,0.0,0,1,1,1,1.0,1.0,5.0,3.0,2.0,1.0,1.0,1.0,0,10,11,11
127,127,GP,F,19,U,GT3,T,0.0,1.0,at_home,other,course,other,1.0,2.0,2.0,0,1.0,0,0,0,0,0.0,NaN,3.0,4.0,2.0,1.0,1.0,5.0,0,9,10,11
128,128,GP,M,16,R,GT3,T,4.0,4.0,teacher,teacher,course,mother,1.0,1.0,0.0,0,0.0,0,1,1,1,1.0,0.0,3.0,5.0,5.0,2.0,5.0,4.0,8,14,14,15
129,129,GP,M,16,U,GT3,T,2.0,3.0,other,other,course,mother,2.0,3.0,0.0,0,1.0,0,0,0,1,1.0,1.0,3.0,2.0,3.0,2.0,2.0,1.0,4,13,12,13
130,130,GP,F,15,R,GT3,T,3.0,4.0,services,teacher,course,father,2.0,3.0,0.0,0,1.0,0,0,1,1,1.0,1.0,4.0,2.0,2.0,2.0,2.0,5.0,0,10,11,12
131,131,GP,F,18,U,GT3,T,2.0,1.0,services,other,reputation,mother,1.0,2.0,3.0,0,1.0,0,1,1,0,1.0,1.0,5.0,4.0,NaN,1.0,3.0,5.0,10,10,9,8
132,132,GP,F,17,U,LE3,A,2.0,1.0,other,other,course,mother,3.0,1.0,0.0,0,1.0,0,0,1,1,1.0,0.0,3.0,NaN,2.0,1.0,2.0,5.0,8,11,10,11
133,133,GP,F,15,U,GT3,T,NaN,1.0,NaN,other,course,mother,3.0,1.0,0.0,0,1.0,0,1,0,1,1.0,1.0,4.0,3.0,3.0,NaN,2.0,4.0,6,11,12,13
134,134,GP,F,17,U,LE3,T,2.0,2.0,other,other,course,father,1.0,1.0,0.0,0,1.0,0,0,1,1,1.0,1.0,3.0,4.0,4.0,NaN,3.0,5.0,2,13,12,12
135,135,GP,F,16,U,GT3,A,3.0,4.0,services,other,course,father,1.0,1.0,0.0,0,0.0,0,0,1,1,NaN,0.0,3.0,2.0,1.0,1.0,4.0,5.0,12,15,13,14
136,136,GP,M,16,U,GT3,T,2.0,1.0,at_home,other,course,mother,4.0,1.0,0.0,0,0.0,0,0,1,1,0.0,0.0,3.0,2.0,1.0,1.0,1.0,2.0,4,9,9,11
137,137,GP,F,16,U,GT3,A,2.0,2.0,other,other,home,mother,1.0,1.0,1.0,0,0.0,0,0,1,1,0.0,0.0,5.0,3.0,4.0,1.0,1.0,5.0,12,13,11,11
138,138,GP,M,15,R,GT3,T,3.0,4.0,at_home,teacher,course,mother,4.0,2.0,0.0,0,1.0,0,0,1,1,0.0,1.0,5.0,3.0,3.0,1.0,1.0,5.0,2,12,11,11
139,139,GP,F,15,U,GT3,T,4.0,4.0,services,at_home,course,mother,1.0,3.0,0.0,0,1.0,0,1,1,1,1.0,1.0,4.0,3.0,3.0,1.0,1.0,5.0,4,13,14,15
140,140,GP,M,17,R,GT3,T,3.0,4.0,at_home,other,course,mother,3.0,NaN,0.0,0,0.0,0,0,1,1,0.0,0.0,5.0,4.0,5.0,2.0,4.0,5.0,2,10,9,10
141,141,GP,F,16,R,GT3,T,1.0,1.0,at_home,other,course,mother,4.0,2.0,0.0,0,1.0,0,0,1,1,0.0,0.0,5.0,1.0,3.0,1.0,1.0,3.0,0,14,13,13
142,142,GP,M,18,U,LE3,T,3.0,1.0,services,services,course,mother,2.0,1.0,0.0,0,0.0,0,1,1,1,1.0,1.0,3.0,3.0,4.0,NaN,5.0,4.0,2,11,11,12
143,143,GP,F,18,U,GT3,A,3.0,2.0,other,services,course,other,1.0,3.0,0.0,0,1.0,0,1,0,1,1.0,1.0,4.0,3.0,3.0,5.0,1.0,5.0,10,12,11,11
144,144,GP,F,16,R,GT3,T,1.0,1.0,other,services,reputation,mother,2.0,1.0,0.0,0,1.0,0,1,1,1,0.0,1.0,3.0,3.0,3.0,1.0,2.0,1.0,8,12,11,11
145,145,GP,F,16,U,GT3,A,3.0,3.0,other,other,course,other,2.0,1.0,0.0,0,1.0,0,1,0,1,1.0,1.0,4.0,3.0,2.0,1.0,1.0,5.0,4,9,9,10
146,146,GP,M,16,U,LE3,T,1.0,1.0,services,other,course,mother,1.0,2.0,2.0,0,0.0,0,0,1,1,0.0,1.0,4.0,4.0,4.0,1.0,3.0,NaN,0,10,10,10
147,147,GP,F,15,U,GT3,T,4.0,4.0,teacher,teacher,course,mother,2.0,1.0,0.0,0,0.0,0,1,1,1,1.0,0.0,4.0,3.0,2.0,1.0,1.0,5.0,6,13,14,14
148,148,GP,F,15,R,GT3,T,1.0,1.0,other,other,course,mother,3.0,1.0,1.0,0,0.0,0,1,1,1,1.0,1.0,5.0,5.0,5.0,1.0,1.0,1.0,2,8,9,9
149,149,GP,M,15,U,GT3,T,4.0,3.0,teacher,services,course,father,2.0,4.0,0.0,1,1.0,0,0,1,1,1.0,0.0,2.0,2.0,2.0,1.0,1.0,3.0,6,9,11,11
150,150,GP,F,15,U,GT3,A,3.0,NaN,services,services,home,mother,1.0,2.0,0.0,0,0.0,0,0,0,1,0.0,1.0,1.0,3.0,2.0,2.0,3.0,1.0,24,9,8,9
151,151,GP,M,16,U,GT3,T,4.0,4.0,services,services,course,mother,1.0,3.0,0.0,0,1.0,0,1,1,1,1.0,0.0,5.0,3.0,3.0,1.0,3.0,5.0,0,15,13,13
152,152,GP,M,16,U,LE3,T,2.0,2.0,services,services,NaN,father,2.0,1.0,0.0,0,1.0,0,1,1,1,1.0,0.0,2.0,3.0,3.0,2.0,2.0,2.0,4,12,11,11
153,153,GP,F,15,U,GT3,T,4.0,4.0,teacher,services,course,mother,1.0,3.0,0.0,0,1.0,0,1,1,1,1.0,0.0,4.0,2.0,2.0,1.0,1.0,5.0,2,13,13,13
154,154,GP,F,16,U,LE3,T,1.0,1.0,at_home,at_home,course,mother,1.0,1.0,0.0,0,0.0,0,0,1,1,1.0,0.0,3.0,4.0,4.0,3.0,3.0,1.0,4,10,11,11
155,155,GP,M,17,U,GT3,T,2.0,1.0,other,other,home,mother,1.0,1.0,0.0,0,1.0,0,0,1,1,1.0,0.0,5.0,4.0,5.0,1.0,2.0,5.0,22,9,7,6
156,156,GP,F,15,U,GT3,T,1.0,1.0,other,services,course,father,1.0,2.0,0.0,0,1.0,0,0,1,1,1.0,0.0,4.0,4.0,2.0,1.0,2.0,5.0,0,12,12,12
157,157,GP,F,15,U,NaN,A,2.0,1.0,at_home,other,home,mother,2.0,1.0,0.0,0,1.0,0,1,1,0,1.0,1.0,4.0,4.0,2.0,1.0,1.0,5.0,0,11,10,10
158,158,GP,F,15,U,GT3,T,3.0,2.0,health,services,home,father,1.0,2.0,1.0,0,1.0,0,0,1,1,1.0,0.0,3.0,3.0,2.0,1.0,1.0,3.0,2,11,11,11
159,159,GP,F,15,U,NaN,T,1.0,NaN,at_home,other,course,mother,1.0,2.0,0.0,0,1.0,0,0,0,1,1.0,0.0,4.0,3.0,2.0,1.0,1.0,5.0,6,13,12,13
160,160,GP,F,15,U,GT3,T,1.0,2.0,at_home,services,course,father,1.0,2.0,0.0,0,0.0,0,0,0,1,0.0,1.0,2.0,3.0,4.0,2.0,4.0,1.0,6,11,11,11
161,161,GP,M,16,U,GT3,T,4.0,4.0,teacher,teacher,course,mother,1.0,1.0,0.0,0,1.0,0,0,1,0,1.0,1.0,3.0,3.0,2.0,2.0,1.0,5.0,16,9,9,8
162,162,GP,M,15,U,LE3,A,2.0,1.0,services,other,course,mother,4.0,1.0,0.0,0,0.0,0,0,1,1,1.0,0.0,4.0,5.0,5.0,2.0,5.0,5.0,0,12,11,11
163,163,GP,M,18,U,LE3,T,1.0,1.0,other,other,course,mother,1.0,1.0,2.0,0,0.0,0,0,1,0,1.0,1.0,2.0,3.0,5.0,2.0,5.0,4.0,0,11,9,0
164,164,GP,M,16,U,LE3,T,2.0,1.0,at_home,other,course,mother,1.0,1.0,1.0,0,0.0,0,1,1,1,0.0,1.0,4.0,4.0,4.0,3.0,5.0,5.0,6,9,10,10
165,165,GP,F,15,R,GT3,T,3.0,3.0,services,services,reputation,other,2.0,3.0,0.0,0,1.0,1,1,1,1,1.0,1.0,4.0,2.0,1.0,2.0,3.0,3.0,2,13,13,13
166,166,GP,M,19,U,GT3,T,3.0,2.0,services,at_home,home,mother,1.0,1.0,0.0,0,1.0,0,0,1,0,1.0,1.0,4.0,5.0,4.0,1.0,1.0,4.0,6,11,9,11
167,167,GP,F,17,U,GT3,T,4.0,4.0,other,teacher,course,mother,1.0,1.0,0.0,1,1.0,0,0,1,1,0.0,1.0,4.0,2.0,1.0,1.0,1.0,4.0,0,13,13,13
168,168,GP,M,15,R,GT3,T,2.0,3.0,at_home,services,course,mother,1.0,NaN,0.0,1,0.0,1,1,1,1,0.0,0.0,4.0,4.0,4.0,1.0,1.0,1.0,0,7,8,8
169,169,GP,M,17,R,LE3,T,1.0,2.0,other,other,reputation,mother,1.0,1.0,3.0,0,0.0,0,0,1,1,0.0,0.0,2.0,2.0,2.0,3.0,3.0,5.0,14,9,8,10
170,170,GP,F,18,R,GT3,T,1.0,1.0,at_home,other,course,mother,3.0,1.0,3.0,0,1.0,0,1,0,1,0.0,0.0,5.0,2.0,5.0,1.0,5.0,4.0,6,11,10,11
171,171,GP,M,16,R,GT3,T,2.0,2.0,at_home,other,course,mother,3.0,1.0,0.0,0,0.0,0,0,0,1,0.0,NaN,4.0,2.0,2.0,1.0,2.0,3.0,4,12,10,11
172,172,GP,M,16,U,GT3,T,3.0,3.0,other,services,course,father,1.0,2.0,1.0,0,1.0,0,0,1,1,1.0,1.0,4.0,5.0,5.0,4.0,4.0,5.0,0,10,10,1
173,173,GP,M,16,U,LE3,T,1.0,2.0,health,services,course,mother,2.0,1.0,2.0,0,0.0,0,0,0,1,1.0,0.0,4.0,4.0,5.0,3.0,5.0,5.0,0,9,8,10
174,174,GP,M,17,R,LE3,T,2.0,1.0,at_home,other,course,mother,2.0,1.0,1.0,0,0.0,1,1,1,0,1.0,1.0,3.0,3.0,2.0,NaN,2.0,5.0,8,8,8,9
175,175,GP,M,17,R,GT3,T,NaN,2.0,other,other,course,mother,2.0,2.0,2.0,1,1.0,0,0,1,1,1.0,1.0,4.0,4.0,4.0,1.0,4.0,3.0,4,7,6,8
176,176,GP,M,15,U,LE3,T,1.0,2.0,other,other,course,mother,2.0,1.0,0.0,0,0.0,0,1,1,1,0.0,0.0,4.0,4.0,4.0,2.0,4.0,5.0,2,8,9,10
177,177,GP,M,16,U,GT3,T,1.0,3.0,at_home,services,course,father,1.0,1.0,1.0,0,0.0,0,0,1,0,1.0,0.0,5.0,3.0,3.0,1.0,4.0,2.0,2,9,8,8
178,178,GP,M,17,R,LE3,T,1.0,1.0,other,services,course,mother,NaN,2.0,0.0,0,0.0,0,1,1,0,0.0,1.0,5.0,3.0,5.0,1.0,5.0,5.0,0,8,8,8
179,179,GP,M,17,U,GT3,T,3.0,2.0,services,services,course,mother,2.0,1.0,3.0,0,1.0,0,1,0,0,0.0,0.0,4.0,5.0,2.0,1.0,1.0,2.0,10,8,7,8
180,180,GP,M,16,U,GT3,T,2.0,2.0,other,other,course,father,1.0,2.0,0.0,0,0.0,0,0,1,0,1.0,0.0,4.0,3.0,5.0,2.0,4.0,4.0,0,9,10,11
181,181,GP,F,16,U,GT3,T,4.0,2.0,health,services,home,father,1.0,2.0,0.0,0,0.0,0,0,1,1,1.0,1.0,4.0,2.0,3.0,1.0,1.0,3.0,0,17,17,18
182,182,GP,F,16,U,GT3,T,2.0,2.0,other,other,home,mother,1.0,2.0,0.0,0,1.0,0,0,0,1,1.0,0.0,5.0,1.0,5.0,1.0,1.0,4.0,0,12,12,13
183,183,GP,F,16,U,GT3,T,4.0,4.0,health,health,reputation,mother,1.0,2.0,0.0,0,1.0,0,0,1,1,1.0,1.0,4.0,4.0,2.0,1.0,1.0,3.0,0,16,16,17
184,184,GP,M,16,U,GT3,T,3.0,4.0,other,other,course,father,3.0,1.0,1.0,0,1.0,0,1,0,1,1.0,0.0,3.0,4.0,5.0,2.0,4.0,2.0,4,9,9,10
185,185,GP,M,16,U,GT3,T,1.0,0.0,other,other,reputation,mother,2.0,2.0,NaN,0,1.0,0,1,1,1,1.0,1.0,4.0,3.0,2.0,1.0,1.0,3.0,0,16,17,18
186,186,GP,M,17,U,LE3,T,4.0,4.0,teacher,other,reputation,mother,1.0,2.0,0.0,0,1.0,0,1,1,1,1.0,0.0,4.0,4.0,4.0,1.0,3.0,5.0,0,11,9,10
187,187,GP,F,16,U,GT3,T,1.0,3.0,at_home,services,home,mother,1.0,2.0,0.0,0,0.0,0,1,0,1,1.0,1.0,4.0,3.0,5.0,1.0,1.0,3.0,0,14,13,13
188,188,GP,F,16,U,LE3,T,3.0,3.0,other,other,reputation,mother,2.0,2.0,0.0,0,1.0,0,1,1,1,1.0,0.0,4.0,4.0,5.0,1.0,1.0,4.0,0,14,14,15
189,189,GP,M,17,U,LE3,T,4.0,NaN,teacher,other,course,mother,2.0,2.0,0.0,0,0.0,0,1,1,1,1.0,0.0,4.0,4.0,4.0,4.0,4.0,4.0,0,10,11,11
190,190,GP,F,16,U,GT3,T,2.0,2.0,services,other,reputation,mother,2.0,2.0,0.0,0,0.0,0,1,0,1,1.0,0.0,3.0,4.0,4.0,1.0,4.0,5.0,0,13,12,14
191,191,GP,M,17,U,GT3,T,3.0,3.0,NaN,other,reputation,father,1.0,2.0,0.0,0,0.0,0,1,0,1,1.0,0.0,4.0,3.0,4.0,1.0,4.0,4.0,4,11,9,10
192,192,GP,M,16,R,GT3,T,4.0,2.0,teacher,services,other,mother,1.0,1.0,0.0,0,1.0,0,1,1,1,1.0,1.0,4.0,3.0,3.0,3.0,4.0,3.0,8,10,9,11
193,193,GP,M,17,U,GT3,T,4.0,3.0,other,other,course,mother,1.0,2.0,0.0,0,1.0,1,1,1,1,1.0,1.0,5.0,2.0,3.0,1.0,1.0,2.0,4,11,11,13
194,194,GP,M,16,U,GT3,T,4.0,3.0,teacher,other,home,mother,1.0,2.0,0.0,0,1.0,1,1,1,1,1.0,NaN,3.0,4.0,NaN,2.0,3.0,3.0,4,11,10,11
195,195,GP,M,16,U,GT3,T,3.0,3.0,services,other,home,mother,1.0,2.0,0.0,0,0.0,0,1,1,1,1.0,1.0,4.0,2.0,3.0,1.0,2.0,3.0,0,11,12,13
196,196,GP,F,17,U,GT3,T,2.0,4.0,services,services,reputation,father,1.0,2.0,0.0,0,1.0,0,1,1,1,0.0,0.0,5.0,4.0,2.0,2.0,3.0,5.0,0,17,18,17
197,197,GP,F,17,U,LE3,T,3.0,3.0,other,other,reputation,mother,1.0,2.0,0.0,0,1.0,0,1,1,1,1.0,1.0,5.0,3.0,3.0,NaN,NaN,1.0,32,14,13,14
198,198,GP,F,16,U,GT3,T,3.0,2.0,other,other,NaN,mother,1.0,2.0,0.0,0,1.0,0,0,1,1,1.0,0.0,1.0,2.0,2.0,1.0,2.0,1.0,8,14,15,16
199,199,GP,M,17,U,GT3,T,3.0,3.0,services,services,other,mother,1.0,2.0,0.0,0,1.0,0,1,1,1,1.0,1.0,4.0,3.0,4.0,2.0,3.0,4.0,6,11,13,14
200,200,GP,M,16,U,GT3,T,1.0,2.0,services,services,other,mother,1.0,1.0,0.0,0,1.0,0,1,1,1,1.0,1.0,3.0,3.0,3.0,1.0,2.0,3.0,0,10,9,11
201,201,GP,M,16,U,LE3,T,2.0,1.0,other,other,course,mother,1.0,2.0,0.0,0,0.0,0,1,1,1,1.0,1.0,4.0,2.0,3.0,1.0,2.0,5.0,0,13,14,16
202,202,GP,F,17,U,GT3,A,3.0,3.0,health,other,reputation,mother,1.0,2.0,0.0,0,1.0,0,0,0,1,1.0,1.0,3.0,3.0,3.0,1.0,3.0,3.0,10,12,13,14
203,203,GP,M,17,R,GT3,T,1.0,2.0,at_home,other,home,mother,1.0,2.0,0.0,0,0.0,0,0,1,1,0.0,0.0,3.0,1.0,3.0,1.0,5.0,3.0,6,9,9,10
204,204,GP,F,16,U,GT3,T,2.0,3.0,services,services,course,mother,1.0,2.0,0.0,0,0.0,0,0,1,1,1.0,0.0,4.0,3.0,3.0,1.0,1.0,2.0,6,12,12,13
205,205,GP,F,17,U,GT3,T,1.0,1.0,at_home,services,course,mother,1.0,2.0,0.0,0,0.0,0,1,1,1,1.0,0.0,5.0,3.0,3.0,1.0,1.0,3.0,0,12,11,12
206,206,GP,M,17,U,GT3,T,1.0,2.0,at_home,services,other,other,2.0,2.0,0.0,0,0.0,0,1,0,1,1.0,0.0,4.0,4.0,4.0,4.0,5.0,5.0,16,10,11,12
207,207,GP,M,16,R,GT3,T,3.0,3.0,services,services,reputation,mother,1.0,1.0,0.0,0,1.0,0,1,1,1,1.0,0.0,4.0,3.0,2.0,3.0,NaN,5.0,0,11,10,10
208,208,GP,M,16,U,GT3,T,2.0,3.0,other,other,home,father,2.0,1.0,0.0,0,0.0,0,0,1,1,1.0,0.0,5.0,3.0,3.0,1.0,1.0,3.0,0,13,12,12
209,209,GP,F,17,U,LE3,T,2.0,4.0,services,services,course,father,1.0,2.0,0.0,0,0.0,0,1,1,1,1.0,1.0,4.0,3.0,2.0,1.0,1.0,5.0,8,14,15,16
210,210,GP,M,17,U,GT3,T,4.0,4.0,services,teacher,home,mother,1.0,1.0,0.0,0,0.0,0,0,1,1,1.0,0.0,5.0,2.0,3.0,1.0,2.0,5.0,4,13,13,14
211,211,GP,M,16,R,LE3,T,3.0,3.0,teacher,other,home,father,3.0,1.0,0.0,0,1.0,0,1,1,1,1.0,NaN,3.0,3.0,4.0,3.0,5.0,3.0,16,10,11,12
212,212,GP,F,17,U,GT3,T,4.0,4.0,services,teacher,home,mother,2.0,1.0,1.0,0,1.0,0,0,1,1,1.0,0.0,4.0,2.0,4.0,2.0,3.0,2.0,30,14,15,16
213,213,GP,F,16,U,LE3,T,4.0,4.0,NaN,teacher,reputation,mother,1.0,2.0,0.0,0,1.0,0,0,1,1,1.0,0.0,4.0,5.0,2.0,1.0,2.0,3.0,0,11,10,11
214,214,GP,F,16,U,GT3,T,4.0,3.0,health,other,home,mother,1.0,2.0,0.0,0,1.0,0,1,1,1,1.0,0.0,4.0,3.0,5.0,1.0,5.0,2.0,2,14,14,15
215,215,GP,F,16,U,GT3,T,2.0,3.0,other,other,reputation,mother,1.0,2.0,0.0,1,1.0,0,1,1,1,0.0,0.0,4.0,4.0,3.0,1.0,3.0,4.0,4,11,12,12
216,216,GP,F,17,U,GT3,T,1.0,1.0,other,other,course,mother,1.0,2.0,0.0,0,1.0,0,0,0,1,0.0,0.0,4.0,4.0,4.0,1.0,3.0,1.0,0,14,15,15
217,217,GP,F,17,R,GT3,T,2.0,2.0,other,other,reputation,mother,1.0,1.0,0.0,0,1.0,0,0,1,1,1.0,0.0,5.0,3.0,2.0,1.0,2.0,3.0,21,13,13,13
218,218,GP,F,16,R,GT3,T,2.0,2.0,services,services,reputation,mother,2.0,4.0,0.0,0,1.0,0,1,0,1,1.0,0.0,5.0,3.0,5.0,1.0,1.0,5.0,6,13,13,13
219,219,GP,F,17,U,GT3,T,3.0,4.0,at_home,services,home,mother,1.0,3.0,1.0,0,1.0,1,0,1,1,1.0,1.0,4.0,4.0,3.0,3.0,4.0,5.0,14,8,9,8
220,220,GP,F,16,U,GT3,A,3.0,1.0,services,other,course,mother,1.0,2.0,0.0,0,1.0,0,0,1,1,1.0,0.0,2.0,3.0,3.0,2.0,2.0,4.0,2,11,11,12
221,221,GP,F,16,U,GT3,T,4.0,3.0,teacher,other,other,mother,1.0,2.0,0.0,0,0.0,0,1,1,1,1.0,1.0,1.0,3.0,2.0,1.0,1.0,1.0,4,14,15,15
222,222,GP,F,16,U,GT3,T,1.0,1.0,at_home,other,home,mother,2.0,1.0,0.0,0,1.0,0,0,1,1,0.0,0.0,4.0,3.0,2.0,1.0,4.0,5.0,2,12,13,13
223,223,GP,F,17,R,GT3,T,4.0,3.0,teacher,other,reputation,mother,2.0,3.0,0.0,0,1.0,0,1,1,1,1.0,1.0,4.0,4.0,2.0,1.0,1.0,4.0,0,11,12,12
224,224,GP,F,19,U,GT3,T,3.0,3.0,other,other,reputation,other,1.0,4.0,0.0,0,1.0,0,1,1,1,1.0,0.0,4.0,3.0,3.0,1.0,2.0,3.0,4,12,12,12
225,225,GP,M,17,U,LE3,T,4.0,4.0,services,other,home,mother,1.0,2.0,0.0,0,1.0,0,0,1,1,1.0,1.0,5.0,3.0,5.0,4.0,5.0,3.0,15,13,12,12
226,226,GP,F,16,U,GT3,A,2.0,NaN,other,other,reputation,mother,1.0,2.0,0.0,1,1.0,0,0,1,1,1.0,0.0,3.0,3.0,4.0,1.0,1.0,4.0,0,13,13,13
227,227,GP,M,18,U,GT3,T,2.0,2.0,services,other,home,mother,1.0,2.0,0.0,0,1.0,0,1,1,1,1.0,0.0,4.0,4.0,4.0,2.0,4.0,5.0,10,12,11,11
228,228,GP,F,17,R,LE3,T,4.0,4.0,services,other,other,mother,1.0,1.0,0.0,0,1.0,0,0,1,1,0.0,0.0,5.0,2.0,1.0,1.0,2.0,3.0,6,12,11,11
229,229,GP,F,17,U,LE3,T,3.0,2.0,other,other,NaN,mother,2.0,2.0,0.0,0,0.0,0,0,1,1,1.0,0.0,4.0,4.0,4.0,1.0,3.0,1.0,2,14,16,15
230,230,GP,F,17,U,GT3,T,4.0,3.0,other,other,reputation,mother,1.0,2.0,0.0,0,0.0,0,0,1,1,1.0,1.0,NaN,4.0,5.0,2.0,4.0,1.0,16,11,9,10
231,231,GP,M,18,U,LE3,T,3.0,3.0,services,health,home,father,1.0,2.0,0.0,0,1.0,0,0,1,1,1.0,0.0,3.0,2.0,4.0,2.0,4.0,4.0,10,10,10,10
232,232,GP,F,17,U,GT3,T,2.0,3.0,at_home,other,home,father,2.0,1.0,0.0,0,1.0,0,0,1,1,NaN,0.0,3.0,3.0,3.0,1.0,4.0,3.0,4,12,13,13
233,233,GP,F,17,U,GT3,T,2.0,2.0,at_home,at_home,course,mother,1.0,3.0,0.0,0,1.0,0,1,1,1,1.0,0.0,4.0,3.0,3.0,1.0,1.0,4.0,0,12,12,13
234,234,GP,F,17,R,GT3,T,2.0,NaN,at_home,services,reputation,mother,2.0,2.0,0.0,0,1.0,0,1,1,1,1.0,0.0,4.0,2.0,5.0,1.0,2.0,5.0,0,11,10,11
235,235,GP,F,17,U,GT3,T,1.0,1.0,at_home,other,reputation,mother,1.0,3.0,0.0,0,1.0,0,1,1,1,0.0,1.0,4.0,3.0,4.0,1.0,NaN,5.0,12,12,12,12
236,236,GP,F,16,U,GT3,T,2.0,3.0,services,teacher,other,mother,1.0,2.0,0.0,1,0.0,0,0,1,1,1.0,0.0,2.0,3.0,1.0,1.0,1.0,3.0,0,13,13,14
237,237,GP,M,18,U,GT3,T,2.0,2.0,other,other,home,mother,2.0,2.0,3.0,0,1.0,1,0,1,1,1.0,0.0,3.0,3.0,3.0,NaN,5.0,4.0,9,10,9,10
238,238,GP,F,16,U,GT3,T,4.0,4.0,teacher,services,home,mother,1.0,3.0,0.0,0,1.0,0,1,0,1,1.0,0.0,5.0,3.0,2.0,1.0,1.0,5.0,4,15,16,16
239,239,GP,F,18,R,GT3,T,3.0,1.0,other,other,reputation,mother,1.0,2.0,0.0,0,0.0,0,1,1,1,1.0,1.0,5.0,3.0,3.0,1.0,1.0,4.0,4,8,8,8
240,240,GP,F,17,U,GT3,T,3.0,2.0,other,other,course,mother,1.0,2.0,0.0,0,0.0,0,1,0,1,1.0,0.0,5.0,3.0,4.0,1.0,3.0,3.0,2,17,18,17
241,241,GP,M,17,U,LE3,T,2.0,3.0,NaN,services,reputation,father,1.0,2.0,0.0,0,NaN,0,0,0,1,1.0,0.0,5.0,3.0,3.0,1.0,3.0,3.0,0,10,11,11
242,242,GP,M,18,U,LE3,T,2.0,1.0,at_home,other,course,mother,4.0,2.0,0.0,1,NaN,0,1,1,1,1.0,1.0,4.0,3.0,2.0,4.0,5.0,3.0,2,9,10,11
243,243,GP,F,17,U,GT3,A,2.0,1.0,other,other,NaN,mother,2.0,3.0,0.0,0,0.0,0,1,1,1,1.0,1.0,3.0,2.0,3.0,1.0,2.0,3.0,0,15,15,16
244,244,GP,F,17,U,LE3,NaN,4.0,3.0,health,other,reputation,father,1.0,2.0,0.0,0,0.0,0,1,1,1,1.0,1.0,3.0,2.0,3.0,1.0,2.0,3.0,0,14,12,12
245,245,GP,M,17,R,GT3,T,2.0,2.0,other,other,course,father,2.0,2.0,0.0,0,1.0,0,1,1,1,1.0,0.0,4.0,5.0,2.0,1.0,1.0,1.0,0,12,13,13
246,246,GP,M,17,U,GT3,T,4.0,4.0,teacher,teacher,reputation,mother,1.0,2.0,0.0,1,1.0,0,1,1,1,1.0,1.0,4.0,5.0,5.0,1.0,3.0,2.0,0,13,13,13
247,247,GP,M,16,U,GT3,T,4.0,4.0,health,other,reputation,father,1.0,2.0,0.0,0,1.0,0,1,1,1,1.0,0.0,4.0,2.0,4.0,2.0,4.0,1.0,0,13,13,14
248,248,GP,M,16,U,LE3,T,1.0,1.0,other,other,home,mother,2.0,2.0,0.0,0,1.0,0,0,1,1,1.0,0.0,3.0,4.0,2.0,1.0,1.0,5.0,2,9,9,9
249,249,GP,M,16,U,GT3,T,3.0,2.0,at_home,other,reputation,mother,2.0,3.0,0.0,0,0.0,0,1,1,1,1.0,1.0,5.0,3.0,3.0,1.0,3.0,2.0,0,12,12,12
250,250,GP,M,17,U,LE3,T,2.0,2.0,other,other,home,father,1.0,2.0,0.0,0,0.0,0,1,0,1,1.0,1.0,4.0,4.0,2.0,5.0,5.0,4.0,0,16,16,16
251,251,GP,F,16,U,GT3,T,2.0,1.0,other,other,home,mother,1.0,1.0,0.0,0,0.0,0,0,1,1,1.0,1.0,4.0,5.0,2.0,1.0,1.0,5.0,4,9,10,10
252,252,GP,F,16,U,GT3,A,4.0,1.0,other,other,NaN,mother,1.0,2.0,0.0,0,0.0,0,1,1,1,1.0,1.0,5.0,3.0,3.0,1.0,2.0,5.0,0,14,13,13
253,253,GP,F,18,U,LE3,A,2.0,4.0,services,other,course,mother,2.0,2.0,1.0,0,1.0,0,0,1,1,1.0,0.0,4.0,3.0,3.0,1.0,1.0,3.0,18,10,10,10
254,254,GP,F,18,U,LE3,T,2.0,2.0,at_home,services,course,mother,1.0,2.0,1.0,0,1.0,0,0,0,1,1.0,1.0,5.0,3.0,1.0,1.0,1.0,5.0,16,9,8,10
255,255,GP,F,18,U,GT3,T,3.0,3.0,other,other,course,mother,2.0,1.0,1.0,0,0.0,0,0,1,0,1.0,0.0,4.0,1.0,1.0,1.0,1.0,3.0,14,8,7,7
256,256,GP,M,18,U,GT3,T,2.0,2.0,other,at_home,course,other,1.0,1.0,1.0,0,1.0,0,1,0,0,1.0,1.0,4.0,4.0,3.0,2.0,2.0,1.0,26,7,8,8
257,257,GP,M,17,U,GT3,T,NaN,4.0,teacher,teacher,course,mother,1.0,1.0,0.0,0,1.0,0,1,0,1,1.0,0.0,4.0,2.0,1.0,1.0,2.0,5.0,6,10,8,9
258,258,GP,F,17,U,GT3,T,3.0,2.0,NaN,other,NaN,father,1.0,2.0,0.0,0,0.0,0,1,1,1,0.0,0.0,5.0,4.0,2.0,1.0,1.0,3.0,4,14,14,15
259,259,GP,F,17,U,LE3,T,1.0,1.0,at_home,at_home,course,mother,NaN,3.0,0.0,0,1.0,0,1,1,1,1.0,1.0,4.0,3.0,2.0,1.0,2.0,4.0,10,11,10,10
260,260,GP,F,16,U,GT3,T,1.0,2.0,other,other,course,mother,1.0,1.0,0.0,0,0.0,0,0,1,0,1.0,0.0,5.0,3.0,5.0,1.0,2.0,5.0,4,12,11,11
261,261,GP,F,17,R,GT3,T,2.0,1.0,at_home,services,course,mother,3.0,2.0,0.0,0,0.0,0,1,1,1,0.0,0.0,2.0,1.0,1.0,1.0,1.0,3.0,2,13,13,13
262,262,GP,F,17,R,LE3,A,1.0,4.0,other,other,course,other,4.0,1.0,1.0,0,1.0,0,0,1,1,1.0,0.0,5.0,5.0,4.0,1.0,1.0,5.0,14,9,9,8
263,263,GP,M,18,U,GT3,T,2.0,NaN,other,services,reputation,father,1.0,2.0,0.0,0,0.0,0,0,1,0,1.0,0.0,5.0,5.0,4.0,3.0,5.0,2.0,16,8,7,8
264,264,GP,F,17,U,LE3,A,NaN,2.0,other,other,home,mother,1.0,1.0,1.0,0,1.0,0,0,0,0,1.0,0.0,3.0,1.0,2.0,1.0,1.0,1.0,8,11,9,10
265,265,GP,F,17,R,LE3,T,1.0,1.0,at_home,other,course,mother,2.0,3.0,0.0,0,0.0,0,1,1,1,1.0,0.0,4.0,3.0,3.0,1.0,3.0,5.0,4,15,14,15
266,266,GP,F,17,U,LE3,A,4.0,2.0,teacher,other,course,mother,1.0,2.0,0.0,0,1.0,0,1,1,1,0.0,0.0,4.0,3.0,2.0,1.0,1.0,4.0,4,15,14,14
267,267,GP,M,17,U,LE3,T,4.0,3.0,health,other,course,mother,2.0,2.0,0.0,0,0.0,0,1,1,1,1.0,1.0,2.0,5.0,5.0,1.0,4.0,5.0,8,15,15,15
268,268,GP,M,17,R,LE3,A,4.0,4.0,teacher,other,course,mother,2.0,2.0,0.0,0,1.0,0,0,1,1,1.0,0.0,3.0,3.0,3.0,2.0,3.0,4.0,0,12,12,12
269,269,GP,M,16,U,LE3,T,4.0,3.0,teacher,other,course,mother,1.0,1.0,0.0,0,0.0,0,1,0,1,1.0,0.0,5.0,4.0,5.0,1.0,1.0,3.0,7,14,14,15
270,270,GP,M,16,U,GT3,T,4.0,4.0,NaN,services,course,mother,1.0,1.0,0.0,0,0.0,1,1,1,1,1.0,0.0,5.0,3.0,2.0,1.0,2.0,5.0,4,14,15,15
271,271,GP,F,17,U,GT3,NaN,4.0,4.0,teacher,services,course,mother,1.0,2.0,0.0,0,1.0,1,0,1,1,1.0,1.0,5.0,3.0,1.0,1.0,4.0,5.0,2,11,11,12
272,272,GP,M,17,R,GT3,T,1.0,1.0,other,other,home,father,NaN,3.0,0.0,0,0.0,0,0,0,1,1.0,1.0,4.0,3.0,3.0,1.0,1.0,1.0,2,13,14,15
273,273,GP,F,17,U,GT3,T,3.0,3.0,services,other,home,mother,2.0,3.0,0.0,0,1.0,0,0,1,1,1.0,1.0,4.0,2.0,2.0,2.0,3.0,5.0,10,11,11,11
274,274,GP,F,17,U,GT3,T,1.0,1.0,at_home,other,course,mother,1.0,2.0,0.0,1,0.0,0,0,0,1,0.0,1.0,4.0,3.0,2.0,1.0,1.0,4.0,10,10,9,10
275,275,GP,F,18,U,GT3,T,2.0,1.0,other,other,course,other,2.0,3.0,0.0,0,1.0,0,0,0,1,1.0,1.0,4.0,4.0,4.0,1.0,1.0,3.0,10,12,10,11
276,276,GP,M,16,U,GT3,T,2.0,1.0,other,other,course,mother,3.0,1.0,0.0,0,0.0,0,0,1,1,1.0,0.0,4.0,3.0,3.0,1.0,1.0,4.0,7,15,16,16
277,277,GP,F,17,U,GT3,T,1.0,1.0,other,services,course,father,1.0,2.0,0.0,0,1.0,0,0,1,1,0.0,0.0,4.0,3.0,4.0,1.0,2.0,5.0,4,11,10,11
278,278,GP,M,17,U,GT3,T,2.0,3.0,other,other,course,father,2.0,1.0,0.0,0,0.0,0,0,1,1,1.0,0.0,5.0,2.0,2.0,1.0,NaN,2.0,2,9,12,13
279,279,GP,M,22,U,GT3,T,3.0,1.0,services,services,other,mother,1.0,1.0,3.0,0,0.0,0,0,0,0,1.0,1.0,5.0,NaN,5.0,NaN,5.0,NaN,12,7,8,5
280,280,GP,M,18,R,LE3,T,3.0,3.0,other,services,course,mother,1.0,2.0,0.0,0,1.0,0,0,1,1,1.0,1.0,4.0,3.0,3.0,1.0,3.0,5.0,8,10,9,10
281,281,GP,M,16,U,GT3,T,0.0,2.0,other,other,other,mother,1.0,1.0,0.0,0,0.0,0,0,0,1,1.0,0.0,4.0,3.0,2.0,2.0,4.0,5.0,0,11,12,11
282,282,GP,M,18,U,GT3,T,3.0,2.0,services,other,course,mother,2.0,1.0,0.0,0,0.0,0,0,1,0,1.0,0.0,4.0,4.0,5.0,2.0,4.0,5.0,8,7,8,7
283,283,GP,M,16,U,GT3,T,3.0,3.0,at_home,other,reputation,other,3.0,2.0,1.0,1,1.0,0,0,0,1,1.0,0.0,5.0,3.0,3.0,NaN,3.0,2.0,4,9,11,10
284,284,GP,M,18,U,GT3,T,2.0,1.0,services,services,other,mother,1.0,1.0,2.0,0,0.0,0,0,0,0,1.0,NaN,3.0,2.0,5.0,2.0,5.0,5.0,4,7,8,6
285,285,GP,M,16,R,GT3,T,2.0,1.0,other,other,course,mother,2.0,1.0,0.0,0,0.0,0,1,0,1,0.0,0.0,3.0,3.0,2.0,1.0,3.0,3.0,2,14,13,12
286,286,GP,M,17,R,GT3,T,2.0,1.0,other,other,course,mother,1.0,1.0,0.0,0,0.0,0,0,0,1,1.0,0.0,4.0,4.0,2.0,2.0,4.0,5.0,0,12,12,13
287,287,GP,M,17,U,LE3,T,NaN,1.0,health,other,course,mother,2.0,1.0,1.0,0,1.0,0,1,1,1,1.0,0.0,4.0,4.0,4.0,NaN,2.0,5.0,0,9,10,10
288,288,GP,F,18,U,LE3,A,2.0,1.0,other,other,course,mother,1.0,2.0,0.0,0,1.0,0,0,0,1,1.0,1.0,4.0,3.0,4.0,1.0,3.0,5.0,2,12,12,13
289,289,GP,F,17,U,LE3,NaN,4.0,2.0,teacher,services,reputation,mother,1.0,4.0,0.0,0,1.0,0,1,1,1,1.0,0.0,4.0,2.0,3.0,1.0,1.0,4.0,2,14,15,17
290,290,GP,F,19,U,GT3,T,2.0,2.0,services,services,home,mother,NaN,2.0,0.0,0,1.0,0,0,1,1,1.0,0.0,4.0,3.0,3.0,1.0,1.0,5.0,0,10,10,11
291,291,GP,M,18,U,LE3,T,2.0,1.0,services,other,course,mother,3.0,2.0,1.0,0,0.0,0,1,0,0,1.0,0.0,4.0,4.0,5.0,4.0,4.0,5.0,4,11,10,11
292,292,GP,F,17,R,GT3,T,4.0,2.0,other,other,course,mother,1.0,3.0,0.0,0,1.0,0,1,1,1,1.0,0.0,4.0,3.0,4.0,1.0,3.0,5.0,2,11,12,14
293,293,GP,F,18,U,LE3,T,NaN,1.0,other,at_home,home,mother,1.0,3.0,0.0,0,1.0,0,0,0,1,0.0,0.0,4.0,4.0,3.0,NaN,3.0,3.0,4,11,12,14
294,294,GP,F,18,R,GT3,T,2.0,2.0,other,NaN,home,mother,1.0,2.0,0.0,1,0.0,0,0,1,1,NaN,0.0,3.0,2.0,3.0,1.0,1.0,5.0,4,11,11,13
295,295,GP,M,19,U,LE3,A,4.0,3.0,services,at_home,reputation,mother,1.0,2.0,0.0,0,1.0,0,0,1,1,1.0,0.0,4.0,3.0,1.0,1.0,NaN,1.0,4,11,13,14
296,296,GP,M,18,U,GT3,T,2.0,1.0,other,other,home,mother,1.0,2.0,0.0,0,0.0,0,1,1,1,1.0,0.0,5.0,2.0,4.0,1.0,2.0,4.0,2,16,16,16
297,297,GP,M,17,R,GT3,T,2.0,2.0,other,services,other,mother,2.0,1.0,0.0,0,0.0,0,0,0,0,0.0,0.0,5.0,2.0,2.0,1.0,1.0,4.0,0,9,10,10
298,298,GP,F,17,U,LE3,T,2.0,2.0,services,services,course,NaN,1.0,4.0,0.0,0,0.0,0,1,1,1,1.0,1.0,3.0,4.0,1.0,1.0,1.0,2.0,2,10,11,12
299,299,GP,F,20,R,GT3,T,2.0,1.0,other,other,course,other,2.0,2.0,0.0,0,1.0,1,1,1,0,1.0,1.0,1.0,2.0,3.0,1.0,2.0,2.0,8,10,12,12
300,300,GP,F,18,U,GT3,T,4.0,3.0,services,NaN,home,father,1.0,2.0,0.0,0,1.0,0,0,1,1,1.0,1.0,3.0,1.0,2.0,1.0,3.0,2.0,2,15,15,15
301,301,GP,M,18,U,GT3,T,4.0,3.0,teacher,other,course,mother,1.0,2.0,0.0,0,1.0,0,0,0,1,1.0,0.0,4.0,3.0,2.0,1.0,1.0,3.0,2,10,10,11
302,302,GP,M,18,R,GT3,NaN,3.0,2.0,other,other,course,mother,1.0,3.0,0.0,0,0.0,0,1,0,1,0.0,0.0,5.0,3.0,2.0,1.0,1.0,3.0,2,10,11,12
303,303,GP,F,17,U,GT3,T,NaN,3.0,other,other,home,mother,1.0,3.0,0.0,0,0.0,0,1,0,1,0.0,0.0,3.0,2.0,3.0,1.0,1.0,4.0,2,15,12,13
304,304,GP,F,18,U,GT3,T,2.0,2.0,at_home,services,home,mother,1.0,3.0,0.0,0,NaN,0,1,1,1,1.0,1.0,4.0,3.0,3.0,1.0,1.0,3.0,0,11,12,13
305,305,GP,M,17,U,GT3,T,2.0,2.0,other,other,home,father,2.0,1.0,0.0,0,0.0,0,0,1,0,1.0,0.0,4.0,4.0,4.0,2.0,3.0,4.0,8,8,8,9
306,306,GP,M,18,R,LE3,A,3.0,4.0,other,other,reputation,mother,2.0,2.0,0.0,0,1.0,0,1,1,1,1.0,0.0,4.0,2.0,5.0,3.0,4.0,1.0,6,15,16,16
307,307,GP,M,17,U,GT3,T,3.0,1.0,services,other,other,mother,1.0,2.0,0.0,0,0.0,0,1,1,1,1.0,1.0,5.0,4.0,4.0,3.0,4.0,5.0,0,11,11,14
308,308,GP,F,18,R,GT3,T,4.0,4.0,teacher,other,reputation,mother,2.0,2.0,0.0,0,0.0,0,1,1,1,1.0,0.0,4.0,3.0,4.0,2.0,2.0,4.0,8,10,11,12
309,309,GP,M,18,U,GT3,T,4.0,2.0,health,other,reputation,father,1.0,2.0,NaN,0,1.0,0,1,1,1,1.0,1.0,5.0,4.0,5.0,1.0,3.0,5.0,4,10,12,14
310,310,GP,F,18,R,GT3,T,2.0,1.0,other,other,reputation,mother,2.0,2.0,0.0,0,1.0,0,0,1,0,1.0,1.0,4.0,3.0,5.0,1.0,2.0,3.0,12,8,9,10
311,311,GP,F,19,U,GT3,T,3.0,3.0,other,services,home,other,1.0,2.0,0.0,0,1.0,0,1,1,1,1.0,0.0,4.0,3.0,5.0,3.0,3.0,5.0,16,11,12,12
312,312,GP,F,18,U,GT3,T,2.0,3.0,other,services,reputation,NaN,1.0,4.0,0.0,0,NaN,0,1,1,1,1.0,1.0,4.0,5.0,5.0,1.0,3.0,2.0,10,16,16,16
313,313,GP,F,18,U,LE3,NaN,1.0,1.0,other,other,home,mother,2.0,2.0,0.0,0,1.0,0,0,0,1,0.0,0.0,4.0,4.0,3.0,1.0,1.0,3.0,2,13,13,13
314,314,GP,M,17,R,GT3,T,1.0,2.0,at_home,NaN,home,mother,1.0,2.0,0.0,0,1.0,0,1,0,1,0.0,1.0,3.0,5.0,2.0,2.0,2.0,1.0,2,16,17,18
315,315,GP,F,18,U,GT3,T,2.0,1.0,NaN,other,home,mother,1.0,NaN,0.0,0,1.0,0,0,1,1,1.0,1.0,4.0,2.0,5.0,1.0,2.0,1.0,8,14,14,15
316,316,GP,F,17,U,GT3,T,2.0,4.0,at_home,health,reputation,mother,2.0,2.0,0.0,0,1.0,0,0,1,1,1.0,1.0,4.0,3.0,3.0,1.0,1.0,1.0,6,15,16,16
317,317,GP,F,17,U,LE3,T,2.0,2.0,services,other,course,mother,2.0,2.0,0.0,1,1.0,0,0,1,1,NaN,1.0,4.0,4.0,4.0,2.0,3.0,5.0,6,12,12,12
318,318,GP,F,18,R,GT3,A,3.0,2.0,other,services,home,mother,2.0,2.0,0.0,0,0.0,0,0,0,0,1.0,1.0,4.0,1.0,1.0,1.0,1.0,5.0,15,12,9,10
319,319,GP,M,18,U,GT3,T,4.0,4.0,teacher,services,home,mother,2.0,1.0,0.0,0,0.0,0,1,1,1,1.0,NaN,3.0,2.0,4.0,1.0,4.0,3.0,6,11,12,12
320,320,GP,F,18,U,GT3,T,4.0,4.0,health,health,reputation,father,1.0,2.0,1.0,1,1.0,0,1,1,1,1.0,1.0,2.0,4.0,4.0,1.0,1.0,4.0,2,14,12,13
321,321,GP,F,17,U,GT3,T,2.0,2.0,other,services,reputation,father,3.0,NaN,0.0,0,1.0,0,0,1,1,1.0,1.0,4.0,2.0,3.0,1.0,1.0,1.0,8,13,15,15
322,322,GP,F,19,R,GT3,T,3.0,2.0,services,services,reputation,father,1.0,2.0,1.0,1,1.0,0,0,1,0,1.0,0.0,3.0,3.0,3.0,4.0,3.0,3.0,0,9,8,10
323,323,GP,M,18,U,LE3,T,4.0,3.0,teacher,services,course,mother,2.0,1.0,0.0,0,0.0,0,1,1,1,1.0,0.0,4.0,2.0,3.0,1.0,2.0,1.0,0,10,10,10
324,324,GP,M,18,U,GT3,T,1.0,2.0,at_home,other,home,other,2.0,1.0,0.0,0,0.0,0,0,0,0,1.0,0.0,3.0,4.0,4.0,2.0,4.0,4.0,10,10,10,11
325,325,GP,M,17,U,LE3,A,4.0,1.0,services,other,home,mother,2.0,1.0,0.0,0,0.0,0,1,1,1,1.0,1.0,4.0,5.0,4.0,2.0,4.0,5.0,22,11,11,10
326,326,GP,M,17,U,LE3,A,3.0,2.0,teacher,services,home,mother,1.0,1.0,0.0,0,0.0,0,0,1,1,1.0,0.0,NaN,4.0,4.0,3.0,4.0,3.0,18,13,13,13
327,327,GP,F,18,R,LE3,T,1.0,1.0,at_home,other,reputation,mother,2.0,4.0,0.0,0,1.0,0,1,1,1,0.0,0.0,5.0,2.0,2.0,1.0,1.0,3.0,2,17,17,18
328,328,GP,F,18,U,GT3,T,NaN,1.0,other,other,home,mother,2.0,2.0,0.0,1,0.0,0,1,1,1,1.0,0.0,5.0,4.0,4.0,1.0,1.0,4.0,0,12,13,13
329,329,GP,F,17,U,GT3,T,2.0,2.0,other,other,course,mother,1.0,2.0,0.0,0,1.0,0,0,0,1,1.0,0.0,5.0,4.0,5.0,1.0,2.0,5.0,12,12,12,14
330,330,GP,F,18,U,GT3,T,2.0,1.0,other,other,reputation,mother,2.0,2.0,0.0,0,0.0,0,1,1,1,1.0,1.0,4.0,3.0,1.0,1.0,1.0,5.0,10,12,13,14
331,331,GP,M,17,U,GT3,T,1.0,1.0,other,other,reputation,father,1.0,2.0,0.0,0,0.0,0,0,0,1,1.0,0.0,4.0,3.0,3.0,1.0,2.0,4.0,0,12,12,12
332,332,GP,F,18,U,GT3,NaN,2.0,2.0,at_home,at_home,other,mother,1.0,3.0,0.0,0,1.0,0,0,1,1,1.0,0.0,4.0,3.0,3.0,1.0,2.0,2.0,0,18,18,18
333,333,GP,F,17,U,GT3,T,1.0,1.0,services,teacher,reputation,NaN,1.0,3.0,0.0,0,1.0,0,0,1,1,1.0,0.0,4.0,3.0,3.0,1.0,1.0,3.0,0,13,13,14
334,334,GP,M,18,U,GT3,T,2.0,1.0,services,services,reputation,mother,1.0,3.0,0.0,0,0.0,0,1,1,1,1.0,0.0,4.0,2.0,4.0,1.0,3.0,2.0,0,14,15,15
335,335,GP,M,18,U,LE3,A,4.0,4.0,teacher,teacher,reputation,mother,1.0,2.0,0.0,0,1.0,0,1,1,1,1.0,0.0,5.0,4.0,3.0,1.0,1.0,2.0,0,17,17,17
336,336,GP,M,18,U,GT3,T,4.0,2.0,teacher,other,home,mother,1.0,2.0,0.0,0,1.0,0,1,1,1,1.0,1.0,4.0,3.0,2.0,1.0,4.0,5.0,2,15,16,16
337,337,GP,F,17,U,GT3,T,4.0,3.0,health,services,reputation,mother,1.0,3.0,0.0,0,1.0,0,0,1,1,1.0,0.0,4.0,2.0,2.0,1.0,2.0,3.0,0,17,18,18
338,338,GP,F,17,R,LE3,T,3.0,1.0,services,other,reputation,mother,2.0,NaN,NaN,0,1.0,0,0,1,1,0.0,0.0,3.0,1.0,2.0,1.0,1.0,3.0,0,18,19,19
339,339,GP,M,18,R,LE3,T,3.0,2.0,services,other,reputation,mother,2.0,3.0,0.0,0,1.0,0,1,1,1,1.0,0.0,5.0,4.0,2.0,1.0,1.0,4.0,0,14,15,15
340,340,GP,M,17,U,GT3,T,3.0,3.0,health,other,home,mother,1.0,1.0,0.0,0,1.0,0,0,1,1,1.0,0.0,4.0,4.0,3.0,1.0,3.0,5.0,0,14,15,15
341,341,GP,F,19,U,GT3,T,4.0,4.0,health,other,reputation,other,2.0,2.0,0.0,0,1.0,0,1,1,1,1.0,NaN,2.0,3.0,4.0,2.0,3.0,2.0,2,14,13,13
342,342,GP,F,18,U,LE3,T,4.0,3.0,other,NaN,home,other,2.0,2.0,0.0,0,1.0,0,0,1,1,1.0,1.0,4.0,4.0,5.0,1.0,2.0,2.0,0,13,14,14
343,343,GP,F,18,U,GT3,T,4.0,3.0,other,other,reputation,father,1.0,4.0,0.0,0,1.0,0,0,1,1,1.0,0.0,4.0,3.0,3.0,1.0,1.0,3.0,0,16,17,17
344,344,GP,M,18,U,LE3,T,4.0,4.0,teacher,teacher,home,mother,1.0,1.0,0.0,0,1.0,0,0,1,1,1.0,1.0,1.0,4.0,2.0,2.0,2.0,1.0,0,18,18,17
345,345,GP,F,18,U,LE3,A,4.0,4.0,health,other,home,mother,1.0,2.0,0.0,0,1.0,1,0,1,1,1.0,NaN,4.0,2.0,4.0,1.0,1.0,4.0,0,14,15,15
346,346,GP,M,17,U,LE3,T,4.0,4.0,other,teacher,home,father,2.0,1.0,0.0,0,0.0,0,0,1,1,1.0,0.0,4.0,1.0,1.0,2.0,2.0,5.0,0,12,13,13
347,347,GP,F,17,R,GT3,T,4.0,4.0,services,services,reputation,mother,2.0,3.0,0.0,0,1.0,0,1,1,1,1.0,0.0,5.0,3.0,4.0,1.0,NaN,NaN,0,7,7,8
348,348,GP,F,17,U,GT3,T,4.0,2.0,other,other,reputation,mother,2.0,3.0,0.0,0,1.0,0,0,1,1,1.0,0.0,4.0,3.0,3.0,1.0,1.0,3.0,0,16,16,16
349,349,GP,F,17,U,GT3,T,3.0,2.0,health,health,reputation,father,1.0,4.0,0.0,0,1.0,0,1,0,1,1.0,0.0,5.0,2.0,2.0,1.0,NaN,5.0,0,18,18,18
350,350,GP,M,19,R,NaN,T,2.0,1.0,at_home,services,course,mother,2.0,3.0,1.0,0,0.0,0,1,1,1,1.0,1.0,4.0,3.0,1.0,1.0,1.0,5.0,0,9,10,11
351,351,GP,M,20,U,GT3,A,3.0,NaN,services,other,course,other,1.0,1.0,2.0,0,0.0,0,1,1,1,0.0,0.0,5.0,5.0,3.0,1.0,1.0,5.0,0,14,15,15
352,352,GP,M,19,R,GT3,T,3.0,3.0,other,services,reputation,father,1.0,2.0,0.0,0,NaN,0,1,1,1,0.0,1.0,4.0,5.0,3.0,1.0,2.0,5.0,0,10,10,11
353,353,GP,F,18,U,GT3,T,1.0,4.0,other,teacher,home,mother,1.0,2.0,NaN,1,1.0,0,0,0,1,0.0,1.0,3.0,4.0,4.0,1.0,2.0,5.0,2,10,10,11
354,354,GP,F,18,U,GT3,T,2.0,1.0,services,other,course,mother,2.0,2.0,0.0,0,1.0,0,1,1,1,1.0,0.0,5.0,3.0,3.0,1.0,2.0,1.0,2,12,12,15
355,355,GP,F,17,U,GT3,T,2.0,3.0,other,other,course,father,2.0,2.0,0.0,0,0.0,0,1,1,1,1.0,1.0,4.0,2.0,1.0,1.0,1.0,3.0,2,11,12,14
356,356,GP,F,17,R,GT3,T,4.0,4.0,teacher,teacher,course,mother,1.0,1.0,0.0,0,0.0,0,1,1,1,1.0,0.0,4.0,4.0,4.0,1.0,1.0,5.0,2,15,16,17
357,357,GP,F,18,U,GT3,T,4.0,3.0,other,other,NaN,mother,1.0,3.0,0.0,0,1.0,0,1,1,1,1.0,1.0,4.0,3.0,4.0,1.0,1.0,5.0,2,14,15,17
358,358,GP,F,18,U,LE3,T,4.0,3.0,health,services,course,mother,2.0,1.0,0.0,0,1.0,0,0,1,1,1.0,0.0,3.0,2.0,4.0,1.0,4.0,1.0,8,12,12,15
359,359,GP,F,17,R,GT3,T,3.0,4.0,at_home,services,course,father,1.0,3.0,0.0,0,1.0,0,1,0,1,1.0,0.0,4.0,3.0,4.0,2.0,NaN,5.0,2,15,15,17
360,360,GP,F,18,U,GT3,T,3.0,3.0,at_home,other,course,father,1.0,2.0,0.0,0,1.0,0,0,1,1,1.0,0.0,4.0,1.0,4.0,1.0,1.0,3.0,8,11,12,14
361,361,GP,M,19,U,GT3,T,4.0,2.0,health,other,NaN,mother,2.0,2.0,0.0,0,1.0,0,1,1,1,1.0,1.0,5.0,4.0,4.0,1.0,1.0,1.0,9,11,10,10
362,362,GP,F,18,U,GT3,T,4.0,4.0,teacher,other,course,mother,1.0,2.0,0.0,0,1.0,0,0,1,1,1.0,0.0,4.0,4.0,4.0,3.0,3.0,5.0,0,12,11,13
363,363,GP,F,18,U,GT3,T,3.0,4.0,other,other,course,mother,1.0,1.0,0.0,0,1.0,0,1,1,1,1.0,1.0,5.0,4.0,4.0,1.0,1.0,1.0,4,11,12,14
364,364,GP,F,17,U,GT3,T,4.0,4.0,health,health,course,mother,1.0,1.0,0.0,0,0.0,0,1,1,1,1.0,0.0,5.0,3.0,4.0,1.0,2.0,5.0,2,14,15,17
365,365,GP,F,17,U,GT3,A,4.0,3.0,services,services,course,mother,1.0,2.0,NaN,0,1.0,0,0,1,1,1.0,1.0,5.0,2.0,NaN,1.0,2.0,5.0,14,15,14,17
366,366,GP,F,17,U,LE3,A,3.0,3.0,services,other,home,mother,1.0,2.0,0.0,1,1.0,0,0,1,1,1.0,0.0,5.0,3.0,3.0,1.0,1.0,5.0,0,12,12,13
367,367,GP,F,17,U,LE3,T,2.0,1.0,other,other,home,father,1.0,2.0,0.0,0,0.0,0,1,1,1,1.0,0.0,4.0,2.0,3.0,2.0,2.0,2.0,2,11,12,14
368,368,GP,M,18,U,LE3,T,4.0,4.0,other,other,reputation,father,1.0,1.0,0.0,0,NaN,0,0,1,1,1.0,0.0,4.0,2.0,5.0,3.0,4.0,5.0,2,8,9,11
369,369,GP,F,19,U,GT3,T,1.0,1.0,other,other,course,other,3.0,3.0,0.0,0,0.0,0,1,1,0,0.0,1.0,1.0,5.0,5.0,4.0,3.0,5.0,12,10,10,11
370,370,GP,F,19,U,LE3,A,1.0,1.0,other,other,course,other,3.0,2.0,2.0,0,1.0,0,0,0,1,1.0,1.0,5.0,3.0,4.0,1.0,1.0,4.0,2,8,8,9
371,371,GP,F,18,U,NaN,T,2.0,2.0,other,other,NaN,mother,1.0,1.0,NaN,0,1.0,0,1,1,1,1.0,NaN,4.0,3.0,5.0,2.0,4.0,5.0,2,10,10,10
372,372,GP,F,17,U,GT3,T,2.0,2.0,other,other,course,mother,1.0,2.0,0.0,0,1.0,0,0,1,1,0.0,1.0,4.0,2.0,2.0,1.0,1.0,3.0,4,14,13,13
373,373,GP,F,17,R,LE3,T,2.0,2.0,services,services,course,mother,1.0,3.0,0.0,0,1.0,0,1,1,1,1.0,0.0,3.0,3.0,2.0,NaN,2.0,3.0,0,11,11,10
374,374,GP,F,17,U,GT3,T,3.0,1.0,services,services,course,father,1.0,3.0,0.0,0,1.0,0,0,0,1,1.0,0.0,3.0,4.0,3.0,2.0,3.0,5.0,0,17,18,17
375,375,GP,F,17,U,LE3,T,0.0,2.0,at_home,at_home,home,father,2.0,3.0,0.0,0,0.0,0,0,1,1,1.0,0.0,3.0,3.0,3.0,2.0,3.0,2.0,0,14,14,15
376,376,GP,F,18,U,GT3,T,1.0,1.0,other,other,home,mother,2.0,3.0,0.0,0,0.0,0,1,1,1,1.0,0.0,4.0,5.0,5.0,1.0,2.0,2.0,0,14,14,14
377,377,GP,M,18,U,GT3,T,4.0,4.0,other,other,course,mother,1.0,3.0,0.0,0,0.0,0,1,1,1,1.0,0.0,4.0,3.0,3.0,2.0,2.0,3.0,0,13,14,13
378,378,GP,M,17,U,GT3,T,3.0,3.0,other,services,reputation,mother,1.0,1.0,0.0,0,0.0,0,1,0,1,1.0,0.0,4.0,3.0,5.0,3.0,5.0,5.0,0,17,18,17
379,379,GP,M,17,R,NaN,T,2.0,2.0,services,other,course,mother,4.0,1.0,0.0,0,1.0,0,0,1,1,1.0,0.0,4.0,4.0,5.0,NaN,5.0,4.0,2,11,10,10
380,380,GP,F,17,U,GT3,T,4.0,4.0,teacher,services,course,mother,1.0,3.0,0.0,0,1.0,0,1,1,1,1.0,0.0,5.0,4.0,4.0,1.0,3.0,4.0,0,13,12,13
381,381,GP,F,17,U,GT3,T,4.0,4.0,teacher,teacher,course,mother,2.0,3.0,0.0,0,1.0,0,0,0,1,1.0,1.0,4.0,3.0,3.0,1.0,2.0,4.0,4,15,14,15
382,382,GP,F,17,U,GT3,T,3.0,3.0,at_home,other,NaN,mother,1.0,1.0,0.0,0,1.0,1,1,1,1,1.0,0.0,4.0,2.0,5.0,2.0,5.0,5.0,2,11,12,11
383,383,GP,M,18,U,LE3,T,2.0,2.0,other,other,course,mother,1.0,4.0,0.0,0,1.0,1,1,1,1,1.0,0.0,4.0,5.0,5.0,2.0,4.0,5.0,0,11,11,12
384,384,GP,M,19,R,GT3,T,3.0,2.0,at_home,services,home,other,1.0,1.0,0.0,0,1.0,0,0,0,1,0.0,1.0,5.0,3.0,4.0,2.0,2.0,5.0,0,11,10,10
385,385,GP,F,18,U,GT3,T,2.0,2.0,at_home,NaN,course,mother,4.0,2.0,0.0,0,0.0,0,1,1,1,0.0,1.0,4.0,2.0,5.0,1.0,1.0,2.0,2,10,9,10
386,386,GP,F,17,R,GT3,T,2.0,4.0,at_home,other,course,father,1.0,3.0,0.0,0,1.0,0,0,1,1,1.0,1.0,4.0,4.0,3.0,1.0,1.0,5.0,0,15,15,15
387,387,GP,M,18,U,GT3,T,2.0,2.0,other,other,reputation,mother,1.0,1.0,0.0,0,0.0,0,0,0,1,1.0,0.0,5.0,4.0,2.0,1.0,2.0,5.0,6,15,14,15
388,388,GP,F,18,U,GT3,T,3.0,3.0,services,services,home,mother,1.0,2.0,0.0,0,0.0,0,1,1,1,1.0,0.0,5.0,3.0,4.0,1.0,1.0,NaN,8,10,11,12
389,389,GP,F,18,U,LE3,T,2.0,2.0,other,other,home,other,1.0,2.0,0.0,0,0.0,0,1,0,1,1.0,1.0,4.0,3.0,3.0,1.0,1.0,2.0,0,10,9,12
390,390,GP,F,18,R,GT3,T,2.0,2.0,at_home,other,course,mother,2.0,4.0,0.0,0,0.0,0,1,1,1,0.0,0.0,4.0,4.0,4.0,1.0,1.0,4.0,6,14,13,14
391,391,GP,F,17,U,GT3,T,3.0,4.0,services,other,course,mother,1.0,3.0,0.0,0,0.0,0,0,1,1,1.0,0.0,NaN,4.0,5.0,1.0,3.0,5.0,8,11,13,14
392,392,GP,F,17,U,GT3,T,3.0,2.0,other,other,home,mother,1.0,2.0,0.0,0,1.0,0,0,1,1,1.0,1.0,4.0,3.0,2.0,2.0,3.0,2.0,0,12,13,15
393,393,GP,F,18,U,LE3,T,3.0,3.0,services,services,home,mother,1.0,4.0,0.0,0,1.0,0,0,1,1,1.0,0.0,5.0,3.0,3.0,1.0,1.0,1.0,4,14,14,15
394,394,GP,F,17,R,GT3,A,3.0,2.0,other,other,home,mother,1.0,2.0,0.0,0,1.0,0,0,1,1,1.0,0.0,4.0,3.0,3.0,2.0,3.0,2.0,0,14,14,16
395,395,GP,M,18,U,GT3,T,4.0,4.0,teacher,services,home,father,1.0,2.0,0.0,0,1.0,0,1,1,1,1.0,0.0,4.0,3.0,3.0,2.0,2.0,2.0,0,12,12,13
396,396,GP,M,18,U,LE3,T,3.0,4.0,services,other,home,mother,1.0,2.0,0.0,0,0.0,0,1,1,1,1.0,1.0,4.0,3.0,3.0,NaN,3.0,5.0,6,16,16,17
397,397,GP,F,17,U,GT3,NaN,2.0,2.0,at_home,at_home,home,father,1.0,2.0,0.0,0,1.0,0,0,1,1,1.0,1.0,3.0,3.0,1.0,1.0,2.0,4.0,18,10,12,14
398,398,GP,F,18,U,GT3,T,2.0,3.0,at_home,other,course,mother,1.0,3.0,0.0,0,1.0,0,0,1,1,1.0,0.0,4.0,3.0,3.0,1.0,2.0,3.0,0,11,12,14
399,399,GP,F,18,U,GT3,T,3.0,2.0,other,services,other,mother,1.0,3.0,0.0,0,0.0,0,0,1,1,1.0,NaN,5.0,4.0,3.0,2.0,3.0,1.0,4,14,16,17
400,400,GP,M,18,R,GT3,T,4.0,3.0,teacher,services,course,mother,1.0,3.0,0.0,0,0.0,0,0,1,1,1.0,1.0,5.0,3.0,2.0,1.0,2.0,4.0,4,15,14,17
401,401,GP,M,18,U,GT3,T,4.0,3.0,teacher,other,course,mother,1.0,3.0,0.0,0,1.0,0,0,1,1,1.0,1.0,NaN,4.0,5.0,2.0,3.0,5.0,0,14,13,14
402,402,GP,F,17,U,GT3,T,4.0,3.0,health,other,reputation,mother,1.0,3.0,0.0,0,1.0,0,1,1,1,1.0,1.0,4.0,4.0,3.0,1.0,3.0,4.0,0,11,12,13
403,403,GP,F,17,U,GT3,T,2.0,1.0,services,other,course,mother,2.0,2.0,0.0,0,1.0,0,1,1,1,1.0,1.0,4.0,3.0,4.0,2.0,2.0,1.0,10,12,15,15
404,404,GP,F,17,U,GT3,T,2.0,1.0,services,other,reputation,mother,1.0,2.0,0.0,0,1.0,0,1,1,1,1.0,0.0,4.0,3.0,5.0,2.0,4.0,4.0,4,12,16,16
405,405,GP,F,19,U,LE3,A,2.0,NaN,at_home,other,home,other,2.0,1.0,1.0,0,0.0,0,0,1,0,1.0,0.0,2.0,2.0,3.0,3.0,4.0,5.0,16,10,11,11
406,406,GP,F,17,U,GT3,T,3.0,1.0,other,at_home,home,mother,1.0,1.0,1.0,0,1.0,1,0,1,1,1.0,1.0,4.0,1.0,2.0,1.0,1.0,3.0,6,10,13,13
407,407,GP,F,21,U,LE3,T,4.0,4.0,other,other,reputation,other,1.0,3.0,2.0,0,0.0,1,1,1,1,1.0,0.0,3.0,3.0,2.0,1.0,1.0,5.0,0,9,12,12
408,408,GP,M,18,U,LE3,T,2.0,2.0,services,services,reputation,mother,1.0,2.0,0.0,0,1.0,0,1,0,0,1.0,0.0,4.0,4.0,4.0,1.0,3.0,3.0,11,9,11,12
409,409,GP,M,18,U,LE3,A,3.0,4.0,other,other,reputation,other,1.0,2.0,0.0,0,0.0,0,1,1,1,1.0,1.0,4.0,3.0,5.0,1.0,4.0,2.0,9,13,14,15
410,410,GP,F,17,U,GT3,T,2.0,2.0,services,services,reputation,mother,1.0,2.0,0.0,0,1.0,0,1,1,1,1.0,0.0,4.0,3.0,4.0,1.0,3.0,4.0,0,13,17,17
411,411,GP,M,17,U,LE3,A,4.0,4.0,health,NaN,reputation,mother,1.0,3.0,0.0,0,1.0,0,0,1,1,1.0,0.0,4.0,4.0,2.0,1.0,2.0,4.0,2,12,15,15
412,412,GP,F,18,U,LE3,T,4.0,2.0,teacher,other,course,mother,1.0,2.0,0.0,0,1.0,0,1,1,1,1.0,0.0,4.0,2.0,2.0,1.0,1.0,3.0,0,14,17,17
413,413,GP,M,21,R,LE3,T,1.0,1.0,at_home,other,course,other,2.0,2.0,2.0,0,1.0,0,1,1,0,1.0,1.0,5.0,3.0,3.0,5.0,2.0,4.0,21,9,10,10
414,414,GP,F,20,R,GT3,T,1.0,1.0,other,other,reputation,other,2.0,3.0,0.0,0,0.0,0,0,1,1,1.0,1.0,3.0,2.0,2.0,1.0,3.0,3.0,8,11,15,15
415,415,GP,F,19,U,GT3,T,4.0,4.0,teacher,other,home,other,1.0,1.0,1.0,0,1.0,0,0,1,1,1.0,1.0,3.0,2.0,5.0,4.0,4.0,5.0,5,9,10,11
416,416,GP,M,17,U,LE3,A,3.0,2.0,other,other,reputation,mother,1.0,2.0,0.0,0,1.0,0,0,1,1,1.0,0.0,4.0,4.0,4.0,1.0,2.0,5.0,10,16,18,18
417,417,GP,F,18,U,GT3,T,NaN,2.0,at_home,other,reputation,father,1.0,3.0,0.0,0,1.0,0,0,1,1,1.0,1.0,4.0,3.0,4.0,1.0,2.0,2.0,5,14,17,17
418,418,GP,M,18,R,GT3,T,NaN,3.0,other,services,reputation,father,1.0,1.0,0.0,0,0.0,0,0,1,1,1.0,0.0,3.0,1.0,3.0,4.0,5.0,4.0,13,13,14,14
419,419,GP,M,19,U,GT3,T,2.0,1.0,other,other,reputation,mother,1.0,1.0,0.0,0,0.0,0,0,1,1,1.0,0.0,5.0,3.0,4.0,1.0,4.0,4.0,10,7,11,11
420,420,GP,F,18,U,LE3,A,2.0,2.0,services,other,reputation,mother,2.0,2.0,0.0,0,1.0,0,0,1,1,1.0,0.0,4.0,1.0,4.0,1.0,3.0,4.0,10,14,17,17
421,421,GP,F,20,U,GT3,T,1.0,NaN,other,other,reputation,mother,2.0,1.0,1.0,1,0.0,0,0,1,1,1.0,NaN,5.0,3.0,1.0,1.0,1.0,5.0,5,8,10,10
422,422,GP,F,18,U,GT3,T,3.0,2.0,services,other,home,mother,1.0,2.0,0.0,0,1.0,0,1,0,1,1.0,1.0,3.0,1.0,2.0,1.0,2.0,1.0,4,10,13,13
423,423,MS,F,16,U,GT3,T,1.0,3.0,at_home,other,other,father,2.0,1.0,0.0,0,1.0,0,0,1,0,1.0,1.0,4.0,3.0,3.0,1.0,3.0,5.0,11,10,11,11
424,424,MS,F,16,R,GT3,T,2.0,2.0,other,other,course,mother,2.0,2.0,0.0,0,1.0,0,1,1,1,1.0,0.0,4.0,4.0,4.0,1.0,1.0,5.0,0,12,12,12
425,425,MS,F,15,R,GT3,T,1.0,1.0,at_home,services,other,mother,1.0,1.0,1.0,0,1.0,0,0,1,1,0.0,1.0,4.0,1.0,3.0,1.0,1.0,2.0,6,10,10,10
426,426,MS,F,15,R,GT3,T,3.0,3.0,at_home,other,course,mother,2.0,1.0,0.0,0,1.0,0,0,1,1,1.0,0.0,5.0,4.0,4.0,2.0,3.0,5.0,4,10,10,11
427,427,MS,F,16,R,GT3,T,2.0,3.0,at_home,services,course,mother,2.0,2.0,0.0,0,0.0,0,0,1,1,0.0,0.0,4.0,5.0,2.0,1.0,2.0,5.0,0,16,17,17
428,428,MS,F,15,R,LE3,T,2.0,1.0,at_home,other,home,mother,2.0,1.0,0.0,0,0.0,0,0,1,0,0.0,0.0,1.0,3.0,4.0,1.0,1.0,1.0,0,6,8,9
429,429,MS,M,16,R,LE3,A,4.0,4.0,at_home,other,home,mother,1.0,2.0,0.0,0,1.0,0,0,1,1,0.0,0.0,5.0,3.0,2.0,1.0,3.0,2.0,5,10,11,11
430,430,MS,M,16,U,GT3,A,1.0,2.0,other,other,NaN,mother,1.0,3.0,0.0,1,0.0,0,0,1,1,1.0,0.0,4.0,4.0,3.0,1.0,1.0,5.0,0,10,11,11
431,431,MS,F,17,R,GT3,T,3.0,2.0,at_home,other,course,father,1.0,2.0,1.0,0,NaN,0,0,1,1,0.0,1.0,4.0,5.0,4.0,1.0,2.0,5.0,0,10,10,10
432,432,MS,F,17,R,GT3,T,1.0,1.0,other,other,other,father,1.0,1.0,1.0,0,1.0,0,0,0,0,1.0,0.0,5.0,4.0,4.0,NaN,2.0,5.0,0,6,6,7
433,433,MS,F,15,R,GT3,T,4.0,4.0,teacher,other,course,mother,2.0,1.0,0.0,0,0.0,0,0,1,1,1.0,1.0,1.0,5.0,1.0,3.0,5.0,5.0,0,13,14,14
434,434,MS,F,16,U,LE3,A,2.0,2.0,at_home,other,reputation,mother,2.0,4.0,0.0,0,0.0,0,1,0,0,0.0,1.0,1.0,2.0,1.0,1.0,1.0,1.0,4,10,9,11
435,435,MS,F,15,R,LE3,T,1.0,1.0,at_home,NaN,reputation,father,2.0,2.0,0.0,0,1.0,0,0,1,1,1.0,NaN,5.0,4.0,3.0,1.0,2.0,4.0,0,10,10,10
436,436,MS,F,15,R,LE3,T,1.0,1.0,other,NaN,course,mother,2.0,1.0,1.0,0,1.0,0,0,1,1,1.0,1.0,4.0,4.0,3.0,1.0,2.0,2.0,4,6,7,8
437,437,MS,F,16,R,GT3,T,0.0,2.0,other,other,other,mother,2.0,1.0,0.0,0,1.0,0,1,1,1,0.0,0.0,3.0,2.0,3.0,1.0,2.0,2.0,0,12,11,12
438,438,MS,F,17,R,GT3,T,2.0,3.0,other,other,course,mother,2.0,1.0,0.0,0,1.0,0,0,1,1,1.0,0.0,5.0,5.0,5.0,1.0,3.0,3.0,2,10,11,12
439,439,MS,F,15,R,GT3,T,3.0,NaN,other,services,course,father,2.0,1.0,0.0,0,0.0,0,0,0,1,1.0,0.0,4.0,1.0,3.0,1.0,1.0,4.0,0,14,16,16
440,440,MS,M,16,U,GT3,T,1.0,1.0,at_home,services,home,mother,2.0,2.0,0.0,0,1.0,0,1,1,1,0.0,1.0,5.0,4.0,5.0,4.0,5.0,3.0,0,7,0,0
441,441,MS,M,17,U,GT3,T,1.0,1.0,other,other,home,mother,1.0,2.0,0.0,0,0.0,1,0,0,1,1.0,0.0,4.0,4.0,3.0,2.0,4.0,5.0,4,8,9,9
442,442,MS,M,15,R,LE3,T,4.0,1.0,health,services,reputation,father,1.0,2.0,0.0,0,1.0,0,1,1,1,1.0,0.0,5.0,3.0,4.0,1.0,2.0,2.0,0,12,13,14
443,443,MS,M,15,R,LE3,T,4.0,1.0,health,services,NaN,father,1.0,2.0,0.0,0,1.0,0,1,1,1,1.0,0.0,5.0,3.0,4.0,1.0,2.0,2.0,7,7,9,8
444,444,MS,M,16,R,GT3,T,3.0,4.0,NaN,health,other,mother,3.0,2.0,0.0,0,0.0,0,0,0,1,0.0,0.0,3.0,4.0,5.0,1.0,2.0,5.0,4,9,10,11
445,445,MS,M,15,R,GT3,T,1.0,1.0,other,other,course,mother,4.0,2.0,0.0,0,1.0,0,1,1,1,0.0,1.0,5.0,4.0,5.0,2.0,4.0,4.0,8,7,9,9
446,446,MS,M,15,U,LE3,T,3.0,3.0,at_home,at_home,reputation,father,1.0,2.0,0.0,0,1.0,0,1,1,1,1.0,0.0,5.0,3.0,3.0,1.0,1.0,5.0,0,11,11,11
447,447,MS,M,17,R,GT3,T,2.0,1.0,other,NaN,other,mother,3.0,1.0,0.0,0,0.0,0,1,1,0,0.0,1.0,5.0,5.0,NaN,5.0,5.0,3.0,8,8,10,9
448,448,MS,F,16,R,GT3,T,4.0,NaN,teacher,teacher,course,mother,2.0,3.0,0.0,0,0.0,0,1,1,1,1.0,1.0,4.0,2.0,2.0,1.0,1.0,4.0,6,16,16,17
449,449,MS,F,15,R,GT3,T,1.0,2.0,other,services,course,mother,2.0,1.0,0.0,0,0.0,0,0,1,1,0.0,0.0,5.0,1.0,2.0,1.0,1.0,1.0,3,11,13,13
450,450,MS,F,16,R,GT3,T,2.0,3.0,other,NaN,course,mother,3.0,2.0,0.0,0,1.0,0,0,1,1,1.0,0.0,4.0,5.0,4.0,1.0,2.0,1.0,2,15,15,15
451,451,MS,M,16,R,GT3,T,1.0,2.0,other,other,course,father,2.0,2.0,0.0,0,0.0,0,0,1,1,0.0,0.0,4.0,3.0,3.0,1.0,1.0,5.0,0,10,11,11
452,452,MS,F,16,R,GT3,T,2.0,2.0,other,other,course,mother,3.0,2.0,0.0,0,1.0,0,0,1,1,1.0,0.0,4.0,4.0,5.0,1.0,1.0,4.0,4,9,10,11
453,453,MS,F,16,U,GT3,T,1.0,2.0,other,services,course,mother,1.0,3.0,1.0,0,1.0,0,0,1,1,0.0,0.0,1.0,3.0,2.0,1.0,2.0,NaN,0,10,8,8
454,454,MS,F,16,U,GT3,T,1.0,2.0,other,services,course,mother,1.0,3.0,1.0,0,1.0,0,0,1,1,0.0,0.0,1.0,3.0,2.0,1.0,2.0,4.0,3,9,8,8
455,455,MS,F,15,U,GT3,T,2.0,1.0,at_home,other,home,mother,1.0,2.0,0.0,1,1.0,0,0,0,1,1.0,0.0,4.0,NaN,2.0,3.0,3.0,2.0,0,9,10,9
456,456,MS,F,16,U,GT3,T,1.0,1.0,at_home,other,course,father,1.0,2.0,0.0,0,1.0,0,0,0,1,0.0,1.0,5.0,4.0,3.0,2.0,1.0,2.0,0,13,14,15
457,457,MS,M,17,R,LE3,T,1.0,2.0,at_home,services,reputation,mother,1.0,1.0,0.0,0,1.0,0,1,1,1,1.0,0.0,NaN,5.0,5.0,5.0,5.0,3.0,4,10,11,11
458,458,MS,F,16,R,GT3,T,1.0,1.0,other,other,home,father,4.0,4.0,0.0,0,1.0,0,0,0,1,1.0,0.0,4.0,3.0,2.0,NaN,1.0,1.0,0,13,10,13
459,459,MS,F,16,R,GT3,T,1.0,1.0,at_home,other,other,father,4.0,3.0,0.0,1,1.0,0,0,1,1,0.0,0.0,4.0,4.0,3.0,1.0,1.0,5.0,2,10,9,10
460,460,MS,F,15,R,GT3,T,1.0,1.0,at_home,other,home,father,2.0,2.0,0.0,0,1.0,0,1,1,1,1.0,0.0,4.0,3.0,3.0,1.0,1.0,2.0,1,11,10,11
461,461,MS,F,16,R,GT3,T,1.0,1.0,at_home,other,other,mother,NaN,1.0,0.0,0,0.0,0,1,1,1,1.0,1.0,4.0,2.0,2.0,4.0,3.0,2.0,0,13,12,14
462,462,MS,F,15,R,GT3,NaN,1.0,1.0,at_home,at_home,course,father,3.0,2.0,0.0,0,1.0,0,0,1,1,0.0,0.0,4.0,2.0,1.0,1.0,2.0,2.0,0,13,14,14
463,463,MS,F,15,R,LE3,T,2.0,2.0,other,other,other,father,1.0,3.0,0.0,1,1.0,0,0,1,1,NaN,0.0,4.0,4.0,3.0,NaN,2.0,5.0,2,14,11,12
464,464,MS,M,16,R,GT3,T,1.0,1.0,at_home,other,other,father,2.0,1.0,0.0,0,0.0,0,1,1,1,0.0,0.0,NaN,4.0,4.0,3.0,4.0,5.0,6,11,11,11
465,465,MS,F,18,U,GT3,T,1.0,2.0,other,other,course,father,1.0,2.0,1.0,0,1.0,0,1,1,1,1.0,1.0,3.0,4.0,4.0,2.0,3.0,5.0,9,9,8,8
466,466,MS,M,15,U,GT3,T,3.0,1.0,other,services,home,mother,2.0,1.0,0.0,0,1.0,0,0,1,1,0.0,0.0,3.0,2.0,3.0,1.0,3.0,4.0,0,10,9,11
467,467,MS,F,16,R,GT3,T,2.0,2.0,other,services,course,father,3.0,2.0,0.0,0,1.0,0,1,1,1,1.0,0.0,5.0,3.0,4.0,1.0,1.0,2.0,1,14,13,14
468,468,MS,M,15,U,GT3,NaN,2.0,2.0,health,other,reputation,mother,3.0,1.0,0.0,0,0.0,0,0,1,1,0.0,0.0,4.0,3.0,3.0,1.0,2.0,4.0,1,13,12,13
469,469,MS,M,16,U,GT3,T,4.0,4.0,other,teacher,course,father,1.0,2.0,NaN,0,1.0,0,1,1,1,0.0,1.0,4.0,3.0,1.0,1.0,1.0,3.0,0,13,12,13
470,470,MS,F,15,R,GT3,T,3.0,3.0,services,other,reputation,mother,1.0,2.0,NaN,0,1.0,0,0,1,1,1.0,1.0,4.0,5.0,4.0,1.0,1.0,1.0,4,13,12,12
471,471,MS,F,16,R,GT3,T,2.0,NaN,at_home,other,course,mother,2.0,2.0,1.0,0,1.0,0,1,0,1,0.0,0.0,4.0,4.0,4.0,2.0,NaN,5.0,2,12,11,12
472,472,MS,F,16,R,LE3,T,2.0,2.0,other,other,home,father,3.0,1.0,0.0,0,1.0,0,1,1,1,0.0,1.0,4.0,3.0,2.0,1.0,1.0,4.0,0,14,14,16
473,473,MS,M,16,U,LE3,T,2.0,1.0,at_home,services,course,mother,2.0,1.0,0.0,0,1.0,0,1,1,1,1.0,0.0,2.0,4.0,3.0,2.0,3.0,4.0,4,10,8,10
474,474,MS,M,15,R,LE3,T,1.0,3.0,at_home,other,reputation,father,3.0,1.0,0.0,0,1.0,0,1,1,1,1.0,0.0,4.0,2.0,4.0,3.0,5.0,3.0,2,10,11,11
475,475,MS,F,15,U,GT3,T,2.0,2.0,other,services,course,mother,2.0,3.0,0.0,0,1.0,0,1,1,1,0.0,0.0,5.0,3.0,2.0,1.0,1.0,NaN,0,12,13,14
476,476,MS,F,16,R,LE3,T,2.0,1.0,other,other,home,mother,1.0,1.0,0.0,0,1.0,0,0,1,1,1.0,1.0,5.0,4.0,3.0,1.0,1.0,5.0,2,10,8,8
477,477,MS,M,15,U,GT3,T,3.0,3.0,services,services,course,father,2.0,1.0,0.0,0,1.0,0,1,0,1,1.0,0.0,4.0,3.0,3.0,2.0,4.0,3.0,11,12,10,11
478,478,MS,F,16,R,GT3,T,1.0,1.0,at_home,other,course,father,2.0,2.0,3.0,1,1.0,0,0,1,1,0.0,0.0,3.0,4.0,3.0,1.0,1.0,1.0,0,7,7,8
479,479,MS,F,17,U,GT3,T,2.0,2.0,other,at_home,course,mother,1.0,1.0,0.0,0,1.0,0,1,1,0,0.0,0.0,4.0,5.0,3.0,1.0,1.0,5.0,4,9,9,10
480,480,MS,F,19,U,GT3,T,2.0,3.0,at_home,services,course,other,1.0,1.0,1.0,0,0.0,0,0,1,0,1.0,1.0,4.0,4.0,4.0,1.0,1.0,2.0,0,9,9,10
481,481,MS,F,17,R,GT3,T,2.0,1.0,NaN,other,course,mother,3.0,1.0,0.0,0,1.0,0,1,1,0,0.0,1.0,5.0,5.0,3.0,1.0,1.0,3.0,2,9,10,11
482,482,MS,F,15,R,LE3,T,1.0,1.0,at_home,other,course,mother,2.0,1.0,0.0,0,1.0,0,0,1,0,0.0,1.0,5.0,2.0,1.0,1.0,3.0,4.0,0,9,10,9
483,483,MS,F,16,R,GT3,T,2.0,2.0,other,other,course,father,3.0,2.0,0.0,0,1.0,0,0,1,0,1.0,0.0,3.0,4.0,5.0,1.0,2.0,1.0,1,9,10,11
484,484,MS,F,16,U,LE3,A,NaN,2.0,other,other,home,mother,1.0,1.0,0.0,0,1.0,0,0,1,0,0.0,0.0,4.0,3.0,4.0,1.0,2.0,1.0,6,7,7,8
485,485,MS,F,17,R,GT3,T,2.0,2.0,at_home,other,course,mother,2.0,2.0,0.0,0,1.0,0,0,1,1,1.0,0.0,4.0,3.0,5.0,1.0,2.0,NaN,0,11,10,11
486,486,MS,F,16,U,GT3,T,2.0,2.0,other,services,course,father,1.0,1.0,1.0,0,1.0,1,1,0,1,1.0,0.0,4.0,4.0,3.0,1.0,4.0,3.0,1,9,10,10
487,487,MS,F,18,R,LE3,A,3.0,2.0,other,other,course,other,2.0,3.0,NaN,0,1.0,0,0,0,0,0.0,1.0,3.0,3.0,2.0,1.0,1.0,2.0,6,7,9,10
488,488,MS,F,19,U,GT3,T,1.0,1.0,at_home,services,course,mother,1.0,3.0,1.0,0,0.0,0,1,1,0,0.0,1.0,5.0,3.0,1.0,1.0,1.0,3.0,6,7,9,9
489,489,MS,M,18,R,GT3,T,1.0,1.0,NaN,other,home,mother,2.0,1.0,1.0,0,0.0,0,1,1,0,1.0,0.0,4.0,4.0,3.0,3.0,4.0,4.0,0,8,9,10
490,490,MS,F,18,R,GT3,T,1.0,NaN,at_home,at_home,course,mother,2.0,1.0,1.0,0,NaN,0,0,0,0,1.0,1.0,NaN,2.0,3.0,1.0,1.0,2.0,4,9,11,10
491,491,MS,F,19,U,GT3,T,1.0,1.0,other,other,course,other,2.0,2.0,1.0,0,1.0,0,0,1,1,1.0,1.0,1.0,1.0,4.0,4.0,1.0,1.0,12,7,8,9
492,492,MS,F,16,R,GT3,A,2.0,2.0,health,other,course,mother,1.0,2.0,NaN,0,0.0,0,0,0,1,0.0,1.0,3.0,3.0,2.0,1.0,1.0,3.0,2,8,10,10
493,493,MS,F,17,U,GT3,T,0.0,1.0,other,NaN,course,father,2.0,1.0,0.0,0,0.0,0,1,0,1,0.0,0.0,2.0,4.0,4.0,3.0,5.0,5.0,5,9,9,10
494,494,MS,F,16,R,LE3,T,1.0,2.0,at_home,other,course,mother,1.0,2.0,0.0,0,0.0,0,1,1,0,1.0,0.0,4.0,4.0,5.0,1.0,3.0,3.0,0,8,9,9
495,495,MS,F,16,U,GT3,T,3.0,3.0,other,other,reputation,mother,1.0,1.0,0.0,0,0.0,0,1,1,0,1.0,1.0,4.0,5.0,4.0,1.0,1.0,4.0,0,14,13,13
496,496,MS,F,16,R,LE3,T,1.0,1.0,services,services,home,mother,1.0,1.0,0.0,0,1.0,0,1,1,1,1.0,1.0,4.0,4.0,4.0,2.0,2.0,4.0,2,14,14,14
497,497,MS,M,17,U,GT3,T,3.0,3.0,services,at_home,course,mother,2.0,4.0,1.0,0,1.0,1,1,1,1,0.0,0.0,5.0,4.0,5.0,3.0,4.0,5.0,0,10,11,10
498,498,MS,F,16,U,GT3,T,2.0,1.0,other,services,course,mother,1.0,2.0,NaN,0,1.0,0,1,1,1,1.0,0.0,5.0,3.0,3.0,1.0,1.0,1.0,0,14,13,14
499,499,MS,F,16,U,GT3,T,2.0,2.0,services,other,course,mother,1.0,1.0,0.0,0,1.0,1,1,1,1,0.0,1.0,4.0,2.0,5.0,1.0,2.0,5.0,0,17,16,16
500,500,MS,M,17,U,GT3,T,1.0,2.0,other,other,course,father,1.0,1.0,1.0,0,1.0,0,1,1,0,1.0,1.0,5.0,3.0,5.0,5.0,5.0,1.0,12,6,7,7
501,501,MS,M,16,U,LE3,T,4.0,3.0,other,other,course,father,1.0,1.0,0.0,0,0.0,0,1,1,1,1.0,0.0,4.0,2.0,5.0,1.0,5.0,5.0,8,14,12,13
502,502,MS,M,17,R,LE3,T,2.0,2.0,services,NaN,other,mother,3.0,NaN,1.0,0,1.0,0,0,1,1,0.0,0.0,1.0,3.0,5.0,3.0,5.0,3.0,2,10,8,9
503,503,MS,F,16,U,GT3,T,1.0,1.0,other,other,course,other,1.0,4.0,0.0,1,1.0,0,1,1,1,1.0,0.0,2.0,2.0,1.0,1.0,1.0,5.0,0,14,14,14
504,504,MS,F,19,U,LE3,T,2.0,2.0,other,other,home,mother,1.0,3.0,0.0,0,0.0,0,0,1,1,1.0,1.0,5.0,4.0,5.0,1.0,1.0,1.0,0,12,13,13
505,505,MS,F,17,R,GT3,T,1.0,1.0,at_home,other,reputation,mother,2.0,1.0,0.0,0,1.0,0,1,0,1,1.0,1.0,4.0,4.0,5.0,1.0,2.0,5.0,0,11,11,11
506,506,MS,F,20,U,GT3,T,3.0,3.0,at_home,services,other,mother,2.0,2.0,1.0,0,0.0,0,1,1,1,1.0,1.0,3.0,3.0,4.0,NaN,4.0,3.0,8,11,9,10
507,507,MS,F,17,U,LE3,T,1.0,1.0,other,services,course,father,1.0,3.0,0.0,0,1.0,0,0,1,1,0.0,1.0,4.0,3.0,3.0,1.0,1.0,3.0,0,11,11,10
508,508,MS,M,17,R,GT3,T,2.0,2.0,other,other,course,mother,3.0,1.0,1.0,0,1.0,0,0,0,1,1.0,0.0,4.0,4.0,5.0,1.0,2.0,5.0,0,10,9,9
509,509,MS,F,16,R,LE3,T,NaN,1.0,at_home,other,course,father,3.0,2.0,0.0,0,1.0,0,0,1,1,0.0,0.0,5.0,3.0,2.0,1.0,1.0,1.0,0,16,17,18
510,510,MS,F,17,R,GT3,T,2.0,2.0,other,NaN,reputation,mother,2.0,2.0,0.0,0,1.0,0,1,1,1,0.0,0.0,5.0,3.0,2.0,1.0,1.0,1.0,0,15,17,17
511,511,MS,F,17,U,GT3,A,1.0,0.0,other,other,other,mother,2.0,2.0,0.0,0,0.0,0,0,1,1,1.0,1.0,4.0,4.0,5.0,1.0,1.0,4.0,1,11,9,10
512,512,MS,F,18,R,GT3,T,1.0,1.0,at_home,other,other,mother,1.0,2.0,1.0,0,1.0,0,0,1,1,1.0,1.0,4.0,3.0,2.0,1.0,1.0,5.0,9,7,7,7
513,513,MS,F,16,U,GT3,T,3.0,1.0,other,other,course,mother,1.0,1.0,0.0,0,0.0,0,1,1,1,1.0,0.0,3.0,1.0,3.0,1.0,3.0,1.0,0,8,6,8
514,514,MS,F,16,U,GT3,T,3.0,2.0,services,at_home,course,mother,1.0,1.0,0.0,0,0.0,0,0,1,1,1.0,0.0,3.0,1.0,3.0,1.0,4.0,3.0,2,7,6,7
515,515,MS,F,18,U,LE3,T,1.0,1.0,other,at_home,reputation,mother,2.0,2.0,0.0,1,0.0,0,0,1,1,0.0,0.0,2.0,3.0,5.0,1.0,4.0,3.0,8,9,8,10
516,516,MS,F,16,R,GT3,T,4.0,4.0,NaN,teacher,reputation,father,1.0,NaN,NaN,0,0.0,0,1,0,1,1.0,NaN,4.0,3.0,3.0,2.0,3.0,2.0,0,14,16,16
517,517,MS,F,16,R,LE3,T,1.0,2.0,other,other,reputation,mother,2.0,1.0,0.0,0,0.0,0,1,1,1,1.0,0.0,5.0,4.0,5.0,1.0,4.0,2.0,0,14,14,15
518,518,MS,F,18,U,GT3,A,2.0,4.0,other,services,reputation,father,1.0,2.0,NaN,0,1.0,0,0,1,1,1.0,0.0,2.0,3.0,2.0,1.0,3.0,1.0,8,8,5,8
519,519,MS,M,16,R,GT3,T,2.0,1.0,other,services,reputation,mother,2.0,2.0,0.0,0,0.0,0,1,1,1,1.0,0.0,5.0,2.0,1.0,1.0,1.0,2.0,0,8,7,0
520,520,MS,F,16,U,LE3,T,1.0,1.0,at_home,other,other,mother,3.0,2.0,0.0,0,1.0,0,0,1,1,1.0,0.0,4.0,3.0,2.0,1.0,3.0,5.0,6,6,8,8
521,521,MS,F,16,R,GT3,T,2.0,3.0,at_home,services,other,mother,2.0,2.0,0.0,0,1.0,0,1,1,1,1.0,0.0,3.0,3.0,3.0,1.0,1.0,2.0,0,8,10,10
522,522,MS,F,16,U,GT3,T,4.0,NaN,health,health,course,mother,1.0,2.0,0.0,0,1.0,0,0,1,1,1.0,1.0,4.0,3.0,4.0,1.0,2.0,3.0,4,8,8,8
523,523,MS,M,18,U,LE3,T,4.0,4.0,at_home,health,home,mother,1.0,4.0,0.0,0,1.0,0,1,1,0,1.0,1.0,5.0,5.0,5.0,5.0,5.0,5.0,2,5,6,6
524,524,MS,F,16,R,LE3,T,3.0,4.0,at_home,other,other,mother,3.0,2.0,0.0,0,1.0,0,0,0,1,0.0,0.0,NaN,2.0,1.0,1.0,1.0,2.0,2,7,9,8
525,525,MS,M,17,U,LE3,T,4.0,4.0,other,services,home,mother,1.0,3.0,0.0,0,1.0,0,0,1,1,1.0,0.0,4.0,4.0,3.0,1.0,2.0,5.0,0,15,14,16
526,526,MS,F,17,R,GT3,T,4.0,1.0,other,other,other,mother,1.0,1.0,0.0,0,0.0,0,0,1,1,1.0,1.0,4.0,2.0,3.0,1.0,2.0,5.0,1,13,14,14
527,527,MS,M,16,U,LE3,T,2.0,2.0,services,services,other,mother,4.0,3.0,0.0,0,0.0,0,0,1,1,0.0,0.0,5.0,1.0,3.0,2.0,2.0,3.0,0,10,9,10
528,528,MS,F,17,R,GT3,T,2.0,2.0,at_home,other,other,mother,NaN,1.0,0.0,0,1.0,1,0,1,1,1.0,0.0,5.0,1.0,3.0,1.0,2.0,5.0,5,9,9,9
529,529,MS,F,16,U,LE3,T,4.0,4.0,services,services,other,father,2.0,1.0,NaN,0,1.0,0,0,1,1,0.0,0.0,5.0,1.0,3.0,1.0,2.0,5.0,1,11,11,11
530,530,MS,M,17,U,GT3,T,3.0,3.0,services,services,home,mother,1.0,1.0,0.0,0,1.0,0,1,1,1,1.0,0.0,4.0,1.0,4.0,5.0,5.0,3.0,8,7,10,9
531,531,MS,M,17,U,GT3,T,1.0,1.0,at_home,services,other,mother,3.0,2.0,0.0,0,0.0,0,0,1,1,1.0,1.0,5.0,1.0,3.0,3.0,3.0,1.0,0,10,10,10
532,532,MS,M,16,U,GT3,T,2.0,1.0,health,services,other,mother,2.0,2.0,0.0,0,0.0,0,0,0,1,1.0,1.0,4.0,2.0,2.0,1.0,4.0,5.0,2,9,7,8
533,533,MS,F,16,U,LE3,T,2.0,1.0,other,services,other,mother,1.0,2.0,0.0,0,0.0,0,0,1,1,1.0,1.0,3.0,2.0,2.0,1.0,1.0,3.0,0,14,15,16
534,534,MS,M,16,U,LE3,T,4.0,4.0,teacher,health,other,father,1.0,NaN,0.0,0,1.0,0,0,1,1,1.0,0.0,4.0,1.0,2.0,2.0,5.0,5.0,0,11,12,12
535,535,MS,M,15,R,GT3,T,1.0,2.0,other,services,course,mother,3.0,2.0,0.0,0,1.0,0,1,1,1,0.0,0.0,NaN,5.0,5.0,1.0,3.0,5.0,11,9,11,10
536,536,MS,M,15,U,LE3,A,2.0,2.0,other,other,reputation,mother,3.0,4.0,0.0,0,1.0,0,1,1,1,0.0,0.0,5.0,4.0,5.0,2.0,3.0,5.0,8,13,14,14
537,537,MS,M,15,U,LE3,A,2.0,1.0,services,services,course,mother,1.0,1.0,0.0,0,0.0,0,1,1,1,1.0,0.0,4.0,3.0,3.0,1.0,2.0,5.0,11,12,13,12
538,538,MS,F,16,R,LE3,T,2.0,2.0,other,other,course,mother,1.0,3.0,0.0,0,1.0,0,0,0,1,0.0,1.0,4.0,3.0,3.0,2.0,2.0,5.0,2,11,11,11
539,539,MS,F,16,U,LE3,T,NaN,1.0,NaN,other,NaN,mother,2.0,2.0,0.0,0,1.0,0,1,1,1,1.0,0.0,1.0,2.0,4.0,2.0,2.0,1.0,8,9,10,10
540,540,MS,F,17,U,GT3,T,3.0,2.0,at_home,other,NaN,mother,2.0,1.0,0.0,0,0.0,0,0,1,1,0.0,1.0,4.0,3.0,3.0,2.0,NaN,1.0,5,9,11,11
541,541,MS,F,17,R,GT3,T,2.0,2.0,other,other,other,mother,2.0,2.0,0.0,1,0.0,1,0,1,1,0.0,0.0,5.0,1.0,3.0,1.0,1.0,5.0,0,11,9,11
542,542,MS,F,16,U,GT3,T,4.0,4.0,teacher,services,course,mother,2.0,3.0,0.0,0,1.0,0,0,1,1,1.0,1.0,5.0,3.0,NaN,1.0,4.0,5.0,1,10,11,12
543,543,MS,M,17,R,GT3,T,4.0,4.0,NaN,other,course,father,3.0,1.0,3.0,0,0.0,0,1,1,1,1.0,1.0,3.0,3.0,3.0,1.0,3.0,5.0,2,9,9,8
544,544,MS,M,17,R,LE3,T,1.0,3.0,other,other,course,father,2.0,1.0,0.0,0,0.0,0,1,1,1,0.0,1.0,5.0,1.0,2.0,3.0,3.0,5.0,2,12,11,12
545,545,MS,M,17,U,GT3,T,3.0,4.0,services,other,NaN,mother,1.0,2.0,1.0,0,1.0,0,1,0,1,1.0,1.0,5.0,4.0,4.0,3.0,4.0,5.0,8,8,9,8
546,546,MS,F,17,U,GT3,T,4.0,4.0,health,health,course,father,1.0,2.0,0.0,0,1.0,0,0,1,1,1.0,0.0,5.0,2.0,5.0,1.0,1.0,5.0,0,13,15,16
547,547,MS,M,16,R,LE3,T,4.0,1.0,other,at_home,other,father,1.0,1.0,0.0,0,0.0,0,0,1,1,1.0,0.0,4.0,1.0,2.0,2.0,1.0,2.0,0,10,11,11
548,548,MS,F,17,U,GT3,A,1.0,1.0,at_home,at_home,other,mother,1.0,2.0,0.0,0,0.0,0,1,1,1,1.0,1.0,4.0,5.0,5.0,1.0,2.0,3.0,2,11,10,11
549,549,MS,F,17,R,GT3,T,4.0,2.0,other,other,course,mother,2.0,2.0,0.0,1,1.0,0,0,0,1,1.0,0.0,4.0,3.0,3.0,2.0,3.0,5.0,0,17,18,18
550,550,MS,M,16,U,LE3,A,2.0,2.0,other,services,course,father,2.0,2.0,0.0,0,1.0,0,0,0,1,1.0,1.0,4.0,1.0,2.0,2.0,2.0,5.0,0,12,13,13
551,551,MS,M,17,U,GT3,T,3.0,2.0,other,other,other,father,2.0,2.0,0.0,0,1.0,1,0,1,1,1.0,0.0,4.0,1.0,2.0,2.0,2.0,1.0,0,13,14,13
552,552,MS,M,19,U,GT3,T,1.0,1.0,other,other,other,mother,1.0,2.0,2.0,0,1.0,0,1,1,0,1.0,0.0,4.0,4.0,3.0,3.0,4.0,4.0,2,9,9,10
553,553,MS,M,17,U,LE3,A,1.0,0.0,other,other,home,mother,1.0,1.0,0.0,0,0.0,0,0,1,1,0.0,1.0,4.0,1.0,2.0,1.0,1.0,5.0,4,11,11,12
554,554,MS,F,17,R,GT3,T,1.0,1.0,at_home,at_home,course,father,2.0,1.0,0.0,0,1.0,0,1,1,0,1.0,1.0,3.0,5.0,5.0,2.0,2.0,4.0,3,10,11,10
555,555,MS,F,16,R,GT3,T,1.0,2.0,NaN,other,home,father,1.0,3.0,0.0,1,1.0,0,0,0,1,1.0,1.0,4.0,3.0,4.0,1.0,1.0,3.0,5,13,14,13
556,556,MS,M,16,R,LE3,T,1.0,2.0,other,at_home,course,mother,1.0,1.0,0.0,0,0.0,0,0,1,1,0.0,0.0,4.0,4.0,4.0,2.0,4.0,5.0,4,9,10,11
557,557,MS,F,17,R,GT3,T,3.0,1.0,other,other,course,mother,2.0,2.0,3.0,0,1.0,0,1,0,1,1.0,1.0,5.0,4.0,4.0,1.0,1.0,5.0,2,7,9,10
558,558,MS,M,17,R,GT3,T,2.0,2.0,other,other,course,mother,2.0,1.0,0.0,0,0.0,0,1,1,0,0.0,1.0,5.0,5.0,5.0,3.0,5.0,5.0,0,8,13,10
559,559,MS,M,18,R,GT3,T,1.0,0.0,at_home,at_home,course,other,NaN,1.0,1.0,1,1.0,0,0,1,1,0.0,0.0,4.0,3.0,2.0,1.0,1.0,4.0,0,12,12,13
560,560,MS,M,17,R,GT3,T,1.0,1.0,other,services,course,mother,2.0,1.0,0.0,0,1.0,0,1,0,1,1.0,1.0,4.0,5.0,5.0,1.0,3.0,2.0,0,10,9,10
561,561,MS,M,18,U,LE3,T,1.0,1.0,at_home,at_home,course,mother,2.0,2.0,0.0,0,1.0,0,1,1,1,0.0,0.0,4.0,3.0,3.0,1.0,4.0,5.0,6,10,9,10
562,562,MS,F,16,R,LE3,T,2.0,2.0,other,services,course,father,1.0,2.0,0.0,0,0.0,0,1,1,1,0.0,1.0,NaN,4.0,3.0,1.0,1.0,1.0,0,11,13,12
563,563,MS,M,17,U,GT3,T,2.0,2.0,other,other,course,mother,1.0,1.0,1.0,0,0.0,0,1,1,1,0.0,1.0,1.0,2.0,1.0,2.0,3.0,5.0,0,7,0,0
564,564,MS,M,16,R,GT3,T,3.0,2.0,services,other,course,father,2.0,1.0,0.0,0,0.0,0,0,1,1,1.0,0.0,4.0,5.0,5.0,2.0,3.0,5.0,2,11,9,10
565,565,MS,M,16,R,LE3,T,1.0,1.0,at_home,other,course,mother,2.0,1.0,0.0,0,0.0,0,1,1,1,1.0,0.0,4.0,5.0,5.0,2.0,4.0,5.0,0,10,10,9
566,566,MS,M,18,R,GT3,T,1.0,NaN,services,other,course,other,2.0,1.0,1.0,0,1.0,0,0,1,0,1.0,1.0,5.0,3.0,3.0,2.0,3.0,5.0,2,9,7,9
567,567,MS,M,18,R,GT3,T,3.0,2.0,services,other,course,mother,1.0,1.0,1.0,0,0.0,0,0,1,0,1.0,0.0,2.0,3.0,1.0,2.0,2.0,5.0,0,4,0,0
568,568,MS,M,19,U,GT3,T,3.0,2.0,at_home,services,course,mother,2.0,1.0,3.0,0,0.0,0,1,1,1,0.0,0.0,3.0,2.0,1.0,1.0,1.0,3.0,4,6,11,9
569,569,MS,M,18,U,GT3,T,3.0,3.0,at_home,at_home,course,mother,1.0,2.0,2.0,0,1.0,0,1,1,0,1.0,0.0,4.0,4.0,5.0,1.0,3.0,3.0,9,4,8,8
570,570,MS,M,16,R,GT3,T,2.0,2.0,services,services,course,mother,2.0,1.0,0.0,0,1.0,0,1,1,1,1.0,1.0,5.0,4.0,3.0,2.0,4.0,4.0,6,7,8,8
571,571,MS,M,19,U,GT3,T,2.0,1.0,at_home,other,course,other,2.0,1.0,3.0,0,0.0,0,1,0,0,1.0,1.0,4.0,4.0,3.0,1.0,3.0,5.0,4,8,9,9
572,572,MS,F,16,U,GT3,A,3.0,2.0,services,NaN,course,mother,2.0,2.0,2.0,0,1.0,0,1,1,1,0.0,1.0,2.0,5.0,5.0,1.0,1.0,1.0,8,5,5,7
573,573,MS,F,17,U,GT3,T,1.0,1.0,other,at_home,course,mother,1.0,1.0,0.0,0,1.0,0,1,1,1,0.0,0.0,4.0,3.0,2.0,1.0,2.0,5.0,9,7,9,10
574,574,MS,M,20,R,NaN,NaN,1.0,1.0,other,other,course,other,2.0,1.0,1.0,0,1.0,0,0,1,0,1.0,1.0,4.0,4.0,3.0,2.0,4.0,4.0,12,8,11,10
575,575,MS,F,18,R,GT3,A,4.0,3.0,services,services,course,mother,1.0,1.0,0.0,0,1.0,0,0,1,1,NaN,0.0,5.0,4.0,4.0,3.0,4.0,2.0,8,10,11,10
576,576,MS,M,18,R,GT3,T,3.0,2.0,other,other,course,mother,2.0,1.0,0.0,0,1.0,0,0,0,1,1.0,0.0,2.0,5.0,5.0,5.0,5.0,5.0,8,9,10,11
577,577,MS,M,19,R,GT3,T,1.0,1.0,other,services,home,other,3.0,2.0,1.0,0,0.0,0,0,1,1,1.0,0.0,5.0,NaN,4.0,3.0,3.0,2.0,8,10,9,11
578,578,MS,M,17,U,GT3,T,3.0,3.0,health,NaN,course,mother,2.0,2.0,NaN,0,NaN,0,0,1,1,1.0,0.0,4.0,5.0,4.0,2.0,3.0,3.0,4,8,9,10
579,579,MS,M,18,U,LE3,T,1.0,3.0,at_home,services,course,mother,1.0,1.0,0.0,0,0.0,0,0,1,0,1.0,1.0,4.0,3.0,3.0,2.0,3.0,3.0,0,9,10,9
580,580,MS,M,19,R,GT3,T,1.0,1.0,other,other,home,other,3.0,1.0,1.0,0,1.0,0,0,1,1,1.0,0.0,4.0,4.0,4.0,3.0,3.0,5.0,4,8,9,10
581,581,MS,F,18,U,GT3,A,1.0,2.0,at_home,other,course,mother,2.0,2.0,2.0,0,1.0,0,0,1,1,0.0,0.0,4.0,3.0,3.0,1.0,1.0,5.0,2,6,8,8
582,582,MS,F,19,U,LE3,A,1.0,1.0,at_home,other,course,mother,1.0,1.0,0.0,0,1.0,0,0,1,0,0.0,0.0,1.0,4.0,4.0,1.0,1.0,5.0,0,6,8,7
583,583,MS,F,18,R,GT3,T,2.0,2.0,other,other,other,mother,2.0,1.0,1.0,0,0.0,0,0,1,0,1.0,1.0,5.0,5.0,5.0,1.0,1.0,3.0,0,8,6,0
584,584,MS,F,17,R,GT3,T,0.0,0.0,at_home,other,course,mother,2.0,1.0,0.0,0,1.0,0,0,1,1,1.0,0.0,4.0,4.0,3.0,1.0,1.0,5.0,0,10,11,11
585,585,MS,F,17,R,LE3,A,3.0,1.0,other,at_home,course,other,2.0,NaN,0.0,0,1.0,1,0,1,0,0.0,0.0,4.0,2.0,3.0,2.0,2.0,3.0,5,8,7,8
586,586,MS,F,17,U,GT3,T,4.0,2.0,teacher,services,home,mother,1.0,2.0,0.0,1,1.0,0,1,1,1,1.0,0.0,NaN,5.0,5.0,1.0,3.0,5.0,0,8,8,0
587,587,MS,F,18,R,LE3,NaN,2.0,2.0,services,services,course,mother,1.0,2.0,1.0,0,1.0,0,1,1,1,1.0,0.0,2.0,3.0,3.0,1.0,2.0,4.0,3,7,6,8
588,588,MS,F,17,U,GT3,T,4.0,1.0,health,at_home,course,mother,1.0,1.0,0.0,0,1.0,0,0,1,1,0.0,1.0,3.0,2.0,2.0,1.0,1.0,5.0,0,8,10,9
589,589,MS,F,17,U,LE3,T,1.0,2.0,at_home,other,course,father,1.0,1.0,0.0,0,0.0,0,0,1,1,1.0,0.0,5.0,5.0,1.0,1.0,NaN,3.0,0,7,10,10
590,590,MS,F,18,U,GT3,T,1.0,1.0,other,other,NaN,mother,3.0,2.0,2.0,0,0.0,0,1,1,1,0.0,1.0,3.0,4.0,4.0,2.0,2.0,5.0,3,7,8,7
591,591,MS,F,18,U,GT3,T,2.0,2.0,services,at_home,reputation,father,2.0,2.0,0.0,0,0.0,0,1,0,1,1.0,0.0,4.0,3.0,5.0,1.0,1.0,1.0,2,12,13,14
592,592,MS,F,17,U,GT3,T,3.0,3.0,services,services,course,mother,2.0,1.0,0.0,0,1.0,0,0,1,1,1.0,0.0,4.0,4.0,3.0,1.0,1.0,4.0,0,11,12,13
593,593,MS,F,18,U,LE3,A,1.0,2.0,at_home,other,NaN,mother,2.0,2.0,0.0,0,0.0,0,0,1,1,1.0,0.0,4.0,4.0,3.0,1.0,2.0,4.0,0,12,13,14
594,594,MS,F,18,U,GT3,T,4.0,4.0,teacher,teacher,reputation,mother,2.0,2.0,0.0,0,0.0,0,1,0,1,1.0,0.0,4.0,3.0,5.0,1.0,2.0,1.0,0,18,18,18
595,595,MS,M,18,U,LE3,T,4.0,4.0,services,other,reputation,mother,1.0,1.0,0.0,0,1.0,0,1,1,1,1.0,0.0,5.0,4.0,5.0,1.0,1.0,5.0,3,17,17,17
596,596,MS,F,17,U,GT3,T,4.0,2.0,other,other,course,mother,2.0,NaN,0.0,0,1.0,0,0,1,1,1.0,0.0,4.0,3.0,3.0,1.0,2.0,4.0,0,17,18,18
597,597,MS,F,18,R,GT3,T,2.0,2.0,at_home,other,course,mother,3.0,2.0,1.0,0,0.0,0,1,1,1,0.0,NaN,4.0,3.0,3.0,1.0,1.0,4.0,0,9,0,0
598,598,MS,M,18,U,LE3,T,1.0,2.0,at_home,services,home,mother,2.0,1.0,0.0,0,1.0,0,0,0,1,0.0,0.0,4.0,1.0,4.0,5.0,5.0,1.0,8,10,11,11
599,599,MS,M,18,R,GT3,T,4.0,4.0,at_home,services,other,mother,3.0,1.0,0.0,0,1.0,1,1,1,1,1.0,1.0,2.0,5.0,5.0,1.0,1.0,1.0,5,12,13,14
600,600,MS,M,17,R,GT3,T,1.0,1.0,other,services,other,father,3.0,1.0,0.0,0,0.0,0,0,0,0,0.0,0.0,4.0,2.0,3.0,3.0,4.0,4.0,4,12,13,14
601,601,MS,F,18,U,GT3,NaN,2.0,2.0,other,other,course,mother,2.0,2.0,0.0,0,1.0,0,0,0,1,1.0,1.0,1.0,3.0,1.0,1.0,NaN,2.0,4,8,8,10
602,602,MS,F,18,U,LE3,T,2.0,2.0,services,services,course,father,2.0,3.0,0.0,0,0.0,0,0,1,1,1.0,1.0,5.0,4.0,5.0,1.0,4.0,3.0,0,11,12,13
603,603,MS,F,18,R,LE3,A,4.0,2.0,teacher,other,reputation,mother,1.0,2.0,0.0,0,0.0,0,1,1,1,1.0,1.0,5.0,3.0,1.0,1.0,1.0,5.0,0,5,0,0
604,604,MS,F,18,U,GT3,T,1.0,1.0,at_home,services,course,mother,3.0,2.0,1.0,0,0.0,0,0,1,0,0.0,0.0,4.0,4.0,2.0,1.0,2.0,2.0,2,9,10,10
605,605,MS,F,19,U,GT3,T,1.0,1.0,at_home,services,other,father,2.0,1.0,1.0,0,0.0,0,0,1,0,0.0,0.0,5.0,5.0,5.0,2.0,3.0,2.0,0,5,0,0
606,606,MS,F,17,U,GT3,T,4.0,2.0,teacher,other,course,father,2.0,4.0,0.0,0,0.0,0,0,1,1,1.0,1.0,4.0,2.0,3.0,3.0,1.0,5.0,0,18,18,18
607,607,MS,F,17,R,LE3,A,2.0,1.0,services,other,reputation,mother,2.0,2.0,NaN,0,0.0,0,1,1,1,1.0,1.0,5.0,3.0,3.0,1.0,2.0,NaN,5,11,11,12
608,608,MS,F,18,U,LE3,A,1.0,1.0,at_home,services,course,NaN,1.0,2.0,0.0,0,0.0,0,0,1,1,0.0,1.0,5.0,2.0,3.0,1.0,2.0,3.0,2,8,10,11
609,609,MS,F,18,U,GT3,T,1.0,2.0,at_home,at_home,course,father,2.0,2.0,0.0,0,1.0,0,0,1,0,0.0,0.0,4.0,1.0,1.0,1.0,1.0,4.0,0,11,11,12
610,610,MS,F,19,R,GT3,A,1.0,1.0,at_home,at_home,course,other,2.0,2.0,3.0,0,1.0,0,1,1,0,0.0,1.0,3.0,5.0,4.0,1.0,4.0,1.0,0,8,0,0
611,611,MS,F,18,R,GT3,T,2.0,2.0,services,other,home,mother,2.0,3.0,0.0,0,0.0,0,0,1,1,1.0,1.0,4.0,2.0,1.0,1.0,1.0,4.0,5,14,14,15
612,612,MS,M,17,R,GT3,T,4.0,3.0,services,other,home,mother,2.0,2.0,1.0,0,1.0,1,1,0,1,1.0,NaN,4.0,5.0,5.0,1.0,3.0,2.0,4,10,11,11
613,613,MS,F,18,U,GT3,T,3.0,3.0,services,services,course,father,1.0,2.0,0.0,0,1.0,0,0,1,1,0.0,1.0,5.0,3.0,4.0,1.0,1.0,5.0,0,10,10,10
614,614,MS,F,17,R,GT3,T,4.0,4.0,teacher,services,other,father,2.0,2.0,0.0,0,1.0,1,1,1,1,1.0,0.0,4.0,3.0,3.0,1.0,2.0,5.0,2,12,12,12
615,615,MS,F,17,U,LE3,A,3.0,2.0,services,other,reputation,mother,2.0,2.0,0.0,0,0.0,0,0,1,1,0.0,1.0,1.0,2.0,3.0,1.0,2.0,5.0,0,15,14,15
616,616,MS,M,18,U,LE3,T,1.0,1.0,other,services,home,father,2.0,1.0,0.0,0,0.0,0,0,0,1,1.0,1.0,3.0,3.0,2.0,1.0,2.0,3.0,2,14,13,14
617,617,MS,F,18,U,LE3,NaN,1.0,1.0,at_home,services,course,father,2.0,3.0,0.0,0,0.0,0,0,1,1,1.0,0.0,5.0,3.0,2.0,1.0,1.0,4.0,0,19,17,18
618,618,MS,F,18,R,LE3,A,1.0,2.0,at_home,other,course,mother,3.0,2.0,0.0,0,0.0,0,0,1,1,0.0,1.0,4.0,3.0,4.0,1.0,4.0,5.0,0,16,15,15
619,619,MS,F,18,U,GT3,NaN,3.0,3.0,services,services,other,mother,2.0,2.0,0.0,0,1.0,0,0,1,1,1.0,1.0,4.0,3.0,2.0,1.0,3.0,3.0,6,13,12,13
620,620,MS,F,17,U,LE3,T,4.0,4.0,at_home,at_home,course,mother,1.0,2.0,0.0,0,1.0,0,1,1,1,1.0,1.0,2.0,NaN,4.0,1.0,1.0,1.0,4,15,14,15
621,621,MS,F,17,R,GT3,T,1.0,2.0,other,services,course,father,2.0,2.0,0.0,0,0.0,0,0,0,1,0.0,0.0,3.0,2.0,2.0,1.0,2.0,3.0,0,13,13,13
622,622,MS,M,18,R,GT3,T,1.0,3.0,at_home,other,course,mother,2.0,2.0,0.0,0,1.0,1,0,1,1,0.0,0.0,3.0,3.0,4.0,2.0,4.0,3.0,0,8,10,9
623,623,MS,M,18,U,LE3,T,4.0,4.0,teacher,services,other,mother,NaN,3.0,0.0,0,0.0,0,0,1,1,1.0,NaN,4.0,2.0,2.0,2.0,2.0,5.0,0,15,16,16
624,624,MS,F,17,R,GT3,T,1.0,1.0,other,services,reputation,mother,3.0,1.0,1.0,0,1.0,0,0,1,1,1.0,1.0,5.0,2.0,1.0,1.0,2.0,1.0,0,8,8,9
625,625,MS,F,18,U,GT3,T,2.0,3.0,at_home,services,course,father,2.0,1.0,0.0,0,1.0,0,0,1,1,1.0,1.0,5.0,2.0,3.0,1.0,2.0,4.0,0,10,10,10
626,626,MS,F,18,R,GT3,T,4.0,4.0,other,teacher,other,father,3.0,2.0,0.0,0,1.0,0,0,0,1,1.0,1.0,3.0,2.0,2.0,4.0,2.0,5.0,0,7,5,0
627,627,MS,M,18,R,LE3,T,1.0,2.0,at_home,services,other,father,3.0,1.0,0.0,0,1.0,0,1,1,0,1.0,1.0,4.0,3.0,3.0,2.0,3.0,3.0,3,9,10,10
628,628,MS,F,17,U,GT3,T,2.0,2.0,other,at_home,home,mother,1.0,3.0,0.0,0,0.0,0,1,1,1,0.0,1.0,3.0,4.0,3.0,1.0,NaN,3.0,8,10,11,12
629,629,MS,F,17,R,GT3,T,1.0,2.0,other,other,course,mother,1.0,1.0,0.0,0,0.0,0,1,1,1,1.0,0.0,3.0,5.0,5.0,1.0,3.0,1.0,4,7,8,9
630,630,MS,F,18,R,LE3,T,4.0,4.0,other,other,reputation,mother,2.0,3.0,0.0,0,0.0,0,0,1,1,1.0,0.0,5.0,4.0,4.0,1.0,1.0,1.0,0,15,17,17
631,631,MS,F,18,R,GT3,T,1.0,1.0,other,other,home,mother,4.0,3.0,0.0,0,0.0,0,0,1,1,1.0,0.0,4.0,3.0,2.0,1.0,2.0,4.0,4,10,11,12
632,632,MS,F,19,R,GT3,T,1.0,1.0,at_home,NaN,course,other,2.0,2.0,NaN,0,1.0,0,0,1,1,1.0,1.0,4.0,3.0,3.0,1.0,1.0,3.0,4,7,8,9
633,633,MS,F,18,R,LE3,T,4.0,4.0,teacher,services,course,mother,1.0,2.0,0.0,0,0.0,0,1,1,1,1.0,0.0,5.0,4.0,3.0,3.0,4.0,2.0,1,13,14,14
634,634,MS,F,18,U,GT3,T,3.0,3.0,other,other,home,mother,1.0,2.0,0.0,0,0.0,0,0,1,1,1.0,1.0,4.0,1.0,3.0,1.0,2.0,1.0,1,16,16,16
635,635,MS,F,17,R,GT3,T,3.0,1.0,at_home,other,reputation,mother,1.0,2.0,0.0,0,1.0,0,1,0,1,1.0,0.0,4.0,5.0,4.0,2.0,3.0,1.0,10,8,9,9
636,636,MS,M,18,U,GT3,T,4.0,4.0,teacher,teacher,home,father,1.0,2.0,0.0,0,0.0,0,1,0,1,1.0,0.0,3.0,2.0,NaN,1.0,4.0,2.0,4,17,18,19
637,637,MS,M,18,R,GT3,T,2.0,1.0,other,other,other,mother,2.0,1.0,0.0,0,0.0,0,1,0,1,1.0,1.0,4.0,4.0,3.0,1.0,3.0,5.0,0,7,7,0
638,638,MS,M,17,U,GT3,T,NaN,3.0,other,services,home,father,2.0,2.0,0.0,0,0.0,0,1,1,1,1.0,0.0,4.0,4.0,3.0,1.0,1.0,3.0,4,14,15,16
639,639,MS,M,19,R,GT3,T,1.0,1.0,other,services,other,mother,2.0,1.0,1.0,0,0.0,0,0,1,1,0.0,0.0,4.0,3.0,2.0,1.0,3.0,5.0,0,5,8,0
640,640,MS,M,18,R,GT3,T,4.0,2.0,other,other,home,father,2.0,1.0,1.0,0,0.0,1,0,1,1,0.0,0.0,5.0,4.0,3.0,4.0,3.0,3.0,0,7,7,0
641,641,MS,F,18,R,GT3,T,2.0,2.0,at_home,other,other,mother,2.0,3.0,0.0,0,0.0,0,0,1,1,0.0,0.0,5.0,3.0,3.0,1.0,3.0,4.0,0,14,17,15
642,642,MS,F,17,U,GT3,T,4.0,3.0,teacher,other,other,mother,2.0,2.0,0.0,0,0.0,0,0,1,1,1.0,0.0,5.0,5.0,4.0,1.0,1.0,1.0,0,6,9,11
643,643,MS,F,18,R,GT3,T,4.0,4.0,teacher,at_home,reputation,mother,3.0,1.0,0.0,0,1.0,0,1,1,1,1.0,1.0,4.0,4.0,3.0,2.0,2.0,5.0,4,7,9,10
644,644,MS,F,19,R,GT3,T,2.0,3.0,services,other,course,mother,1.0,3.0,1.0,0,0.0,0,1,0,1,1.0,0.0,5.0,4.0,2.0,1.0,2.0,5.0,4,10,11,10
645,645,MS,F,18,U,NaN,T,3.0,NaN,teacher,services,course,mother,1.0,2.0,0.0,0,1.0,0,0,1,1,1.0,0.0,4.0,3.0,4.0,1.0,1.0,1.0,4,15,15,16
646,646,MS,F,18,U,GT3,T,1.0,NaN,other,other,course,mother,2.0,2.0,0.0,0,0.0,0,1,1,1,0.0,0.0,1.0,1.0,1.0,1.0,1.0,5.0,6,11,12,9
647,647,MS,M,17,U,LE3,T,3.0,1.0,services,services,course,mother,2.0,1.0,0.0,0,0.0,0,0,0,1,1.0,0.0,2.0,4.0,5.0,3.0,4.0,2.0,6,10,10,10
648,648,MS,M,18,R,LE3,T,3.0,2.0,services,other,course,mother,3.0,1.0,0.0,0,0.0,0,0,0,1,1.0,0.0,4.0,4.0,1.0,3.0,4.0,5.0,4,10,11,11
